business_name,email,phone,website,city,state,verticals,trust_score,tier,google_rating,google_review_count
Patio Enclosures Sunrooms,customercare@patioenclosures.com,(214) 600-7236,https://www.patioenclosures.com/,Dallas,TX,"Pool, Patio Covers",78,unranked,4.8,649
Puryear Custom Pools,sales@puryearpools.com,(817) 306-5169,http://www.puryearpools.com/,Fort Worth,TX,Pool,55,unranked,4.5,387
Pulliam Pools,hello@pulliam.com,(817) 346-4778,https://www.pulliam.com/?utm_source=google&utm_medium=organic&utm_campaign=Google+Business+Profile,Fort Worth,TX,Pool,48,unranked,4.6,473
Pool Quest,info@pool-quest.com,(817) 590-8108,http://www.pool-quest.com/,Fort Worth,TX,Pool,40,unranked,4.4,78
Lone Star Patio North Texas,info@clinovators.com,(817) 518-0978,https://lonestarpationorthtexas.com/,Fort Worth,TX,"Pool, Patio Covers, Motorized Shades",38,unranked,5.0,14
"Texas Traditions Outdoors - Pool and Patio, Fencing, Outdoor Living",info@dfwpoolandpatio.com,(469) 293-3656,https://www.dfwpoolandpatio.com/,Dallas,TX,Pool,35,unranked,4.8,70
Red River Pool Safety Fences,hines75@hotmail.com,(214) 505-5054,http://www.redriverfence.com/,Dallas,TX,Pool,35,unranked,5.0,320
Maverick Roofing and Home Solutions,info@mysite.com,(214) 764-1334,http://roofsbymaverick.com/,Rockwall,TX,Patio Covers,35,unranked,5.0,45
"Southwest Enclosure Systems, Inc",contact@southwestenclosures.com,(972) 242-8062,http://www.southwestenclosures.com/,Fort Worth,TX,Pool,31,unranked,5.0,1
Emerald Custom Pools,info@emeraldcustompools.com,(817) 800-0786,https://emeraldcustompools.com/,Fort Worth,TX,Pool,0,unranked,4.5,132
Hillman Outdoor Living,info@hillmanoutdoorliving.com,(817) 932-7416,https://www.hillmanoutdoorliving.com/,Fort Worth,TX,"Pool, Patio Covers, Motorized Shades",0,unranked,4.5,41
Paradise Screens - Pool and Patio Enclosures,paradisescreenstexas@gmail.com,(682) 294-0294,https://paradisescreenstexas.com/,Fort Worth,TX,Pool,0,unranked,5.0,69
Selah Pools,hello@selah.vip,(817) 618-5731,https://www.selahpools.com/,Fort Worth,TX,Pool,0,unranked,4.8,152
Reformed Outdoor Structures LLC,info@reformedoutdoorstructures.com,(469) 620-0616,https://www.reformedoutdoorstructures.com/,Dallas,TX,"Pool, Patio Covers, Motorized Shades",0,unranked,4.9,98
SunRoom Season,info@sunroomseason.com,(469) 497-7171,https://sunroomseason.com/,Dallas,TX,Pool,0,unranked,5.0,42
TCP Custom Outdoor Living,hello@tcpdfw.com,(972) 915-2727,https://www.tcpdfw.com/,Dallas,TX,"Pool, Patio Covers",0,unranked,4.6,126
Texas Outdoor Oasis,office@texasoutdooroasis.com,(972) 771-1977,https://www.texasoutdooroasis.com/,Dallas,TX,"Pool, Patio Covers",0,unranked,4.9,293
Suncoast Enclosures,info@suncoastenclosures.com,(817) 905-5344,https://suncoastenclosures.com/?utm_source=GMB&utm_medium=OR&utm_campaign=SEO,Dallas,TX,Pool,0,unranked,5.0,31
Double T Screened Patios,info@doubletpatios.com,(469) 402-4647,https://doubletpatios.com/?utm_source=gmblisting&utm_medium=organic,Dallas,TX,Pool,0,unranked,4.8,118
Sunstone Pools & Outdoor Living,admin@sunstonepools.com,(817) 938-9218,https://sunstonepools.com/,Southlake,TX,"Pool, Patio Covers",0,unranked,4.6,86
Platinum Pools And Outdoor Living,platinumbuildingconcepts@gmail.comp,(817) 721-2452,https://www.platinumpoolsofdfw.com/,Southlake,TX,Pool,0,unranked,5.0,22
Claffey Pools,info@claffeypools.com,(817) 488-5795,https://www.claffeypools.com/?utm_source=google&utm_medium=organic&utm_campaign=GBP,Southlake,TX,Pool,0,unranked,4.9,704
Southlake Pools,sales@southlakepools.com,(972) 890-8022,https://southlakepools.com/,Southlake,TX,Pool,0,unranked,4.8,163
Custom Concept Pools,info@customconceptpools.com,(817) 714-0320,http://customconceptpools.com/,Southlake,TX,Pool,0,unranked,5.0,1
DFW Custom Pool,info@dfwcustompool.com,(972) 943-4831,https://dfwcustompool.com/?utm_source=GMB&utm_medium=Maps&utm_campaign=GMB%20Maps,Southlake,TX,"Pool, Patio Covers",0,unranked,4.2,26
Bimini Blue Custom Pools,biminibluepools@gmail.com,(817) 917-4589,https://www.biminibluecustompools.com/,Southlake,TX,Pool,0,unranked,4.9,38
American Solar Screens,americansolarscreens@yahoo.com,(817) 605-8881,https://americansolarscreens.com/,Southlake,TX,"Pool, Motorized Shades",0,unranked,4.6,26
Venue Pools,admin@venuepools.com,(817) 983-7665,https://www.venuepools.com/,Colleyville,TX,Pool,0,unranked,4.9,75
"Mid City Custom Pools Inc., & Outdoor Living",sales@midcitypools.com,(817) 835-9141,http://www.midcitypools.com/,Colleyville,TX,Pool,0,unranked,3.9,42
DFW Custom Pool,info@dfwcustompool.com,(972) 943-4831,https://dfwcustompool.com/,Colleyville,TX,Pool,0,unranked,4.4,31
Cox Pool Company,coxpoolcompany@gmail.com,(817) 798-0677,http://coxpoolcompany.com/,Colleyville,TX,Pool,0,unranked,4.9,32
Klapprodt Pools,sales@klapprodtpools.com,(817) 431-2033,http://www.klapprodtpools.com/,Keller,TX,Pool,0,unranked,4.3,150
Diamond Pools Inc,office@diamondpoolstexas.com,(817) 304-7946,http://diamondpoolstexas.com/,Keller,TX,Pool,0,unranked,3.8,26
Hernandez Pool Plaster & Remodeling,tonyhernandezj86@gmail.com,(817) 210-5194,http://hernandezpoolplaster.com/,Grapevine,TX,Pool,0,unranked,4.8,16
Tru Blu Pool Renovations,mnmp7@hotmail.com,(817) 261-7665,http://www.trublupoolrenovations.com/,Grapevine,TX,Pool,0,unranked,4.3,48
Sky Blue Pools Inc,custserv@skybluepoolservice.com,(817) 427-8169,http://skybluepoolservice.com/,North Richland Hills,TX,Pool,0,unranked,3.7,70
Borden Pools,info@bordenpools.com,(817) 439-8667,http://www.bordenpools.com/,North Richland Hills,TX,Pool,0,unranked,4.3,83
"H&H Tile & Coping, Inc.",hhtilecoping@aol.com,(817) 379-0443,https://www.hhpools.net/,North Richland Hills,TX,Pool,0,unranked,5.0,12
Accent Pools Inc,info@accentpools.com,(817) 226-7665,http://accentpools.com/,Arlington,TX,"Pool, Patio Covers",0,unranked,4.4,62
DeckMasters,info@deckandpatiocovers.com,(817) 461-9661,http://deckandpatiocovers.com/?utm_source=Google&utm_medium=Organic&utm_campaign=Ad+Pages,Arlington,TX,"Pool, Patio Covers, Motorized Shades",0,unranked,4.4,65
Direct Pools Texas,info@directpoolstx.com,(817) 723-0676,https://directpoolstx.com/,Arlington,TX,Pool,0,unranked,4.9,31
HomeStop Inc.,info@homestop.us,(214) 429-4629,https://www.homestop.us/?utm_source=organic&utm_medium=gmb&utm_campaign=HomeStop,Arlington,TX,"Pool, Patio Covers, Motorized Shades",0,unranked,4.3,33
Southland Pools & Screens LLC,contact@southlandpoolsandscreens.com,(281) 317-6651,https://southlandpoolsandscreens.com/contact/,Arlington,TX,Pool,0,unranked,5.0,108
Morton Pool Solutions / Renovations,mortonpoolsolutions@gmail.com,(469) 571-9608,https://mortonpoolsolutions.com/,Plano,TX,Pool,0,unranked,5.0,93
Living Water Custom Pools,info@livingwatercustompools.com,(469) 662-3600,http://livingwatercustompools.com/,Plano,TX,Pool,0,unranked,4.8,46
Riverbend Sandler Pools,info@riverbendsandler.com,(972) 596-7393,https://www.riverbendsandler.com/?utm_source=google&utm_medium=organic&utm_campaign=GBP,Plano,TX,Pool,0,unranked,4.6,964
Texas Backyard Living,info@structure.com,(972) 881-4244,https://texasbackyardliving.com/,Plano,TX,"Pool, Patio Covers, Motorized Shades",0,unranked,4.8,393
MCM Outdoor Living,info@mcm-tx.com,(469) 583-6213,https://www.mckinleyconstructionmanagement.com/?local=true,Plano,TX,"Pool, Patio Covers",0,unranked,4.8,129
Eaton Custom Pools,clint@eatoncustompools.com,(469) 810-6859,http://www.eatoncustompools.com/,Plano,TX,Pool,0,unranked,4.4,13
Exclusive Pool and Patio,sales@exclusivepools.net,(469) 659-1200,http://www.exclusivepools.net/,Frisco,TX,Pool,0,unranked,4.7,41
Prestige Pool and Patio,info@prestigepp.com,(469) 644-7665,https://www.prestigepp.com/,Frisco,TX,Pool,0,unranked,4.5,457
Elite Outdoor Living,info@eliteol.com,(469) 742-3802,https://eliteol.com/,Frisco,TX,"Pool, Patio Covers",0,unranked,4.9,65
"Platinum Outdoor Environments - Fences, Patios & Decks",cody@platinumfenceco.com,(940) 465-1915,https://www.platinumoutdoorenv.com/,Frisco,TX,"Pool, Patio Covers, Motorized Shades",0,unranked,4.1,24
G3 Pools,info@g3pools.com,(469) 927-6333,https://www.g3pools.com/,Frisco,TX,Pool,0,unranked,4.7,64
Terrace Outdoor Design,info@terraceoutdoordesign.com,(972) 521-3998,https://www.terraceoutdoordesign.com/,Frisco,TX,"Pool, Patio Covers, Motorized Shades",0,unranked,4.8,26
Expertpools LLC,expertpools@yahoo.com,(972) 370-7665,http://expertpoolsllc.com/,Frisco,TX,Pool,0,unranked,4.8,434
Southwest Shade Solutions,info@southwestshade.com,(817) 424-1299,http://www.southwestshadesolutions.com/,Fort Worth,TX,"Pool, Motorized Shades",0,unranked,4.7,20
WaterTex Pools,info@watertexpools.com,(817) 779-8006,https://watertexpools.com/,Fort Worth,TX,Pool,0,unranked,4.7,162
Premier Shades & Screens | Exterior Motorized Patio Screens Dallas Ft. Worth TX,info@premierscreens.com,(214) 845-7676,https://premierscreens.com/,Dallas,TX,"Pool, Motorized Shades",0,unranked,5.0,11
Premium Poolsmith,janice@premiumpoolsmith.com,(214) 998-4667,http://premiumpoolsmithdfw.com/,Southlake,TX,Pool,0,unranked,4.9,393
Mr. Pool Leak Repair - Southlake,mrpoolleakrepair@gmail.com,(817) 309-7082,https://mrpoolleakrepair.com/southlake-pool-leak-detection-services/?utm_campaign=gmb,Southlake,TX,Pool,0,unranked,4.6,34
Pool Master Over Texas LLC,info@mysite.com,(817) 918-4475,http://www.poolmastertx.com/,Colleyville,TX,Pool,0,unranked,4.9,61
Meyer's Pool Care,info@meyerspoolcare.com,(817) 442-5787,http://meyerspoolcare.com/,Colleyville,TX,Pool,0,unranked,5.0,59
AquaMedic,poolrepair@txaquamedic.com,(817) 788-0744,https://txaquamedic.com/,North Richland Hills,TX,Pool,0,unranked,4.8,40
Brennan Enterprises,hello@brennancorp.com,(972) 619-9281,https://brennancorp.com/,Arlington,TX,"Pool, Patio Covers, Motorized Shades",0,unranked,4.9,648
"Pool and Spa Enclosures, LLC",info@sunrooms-enclosures.com,(609) 655-8898,http://www.sunrooms-enclosures.com/,Arlington,TX,Pool,0,unranked,4.9,33
Gold Medal Pools,info@goldmedalpools.com,(877) 496-4608,https://www.goldmedalpools.com/?utm_source=local&utm_medium=organic&utm_campaign=gmb,Plano,TX,Pool,0,unranked,4.4,869
Texas Pool Supply,info@heritagepsg.com,(469) 946-0426,https://www.heritagepoolsupplygroup.com/en/distributor-network/TPSFRIS/,Frisco,TX,Pool,0,unranked,3.8,17
Tropic Island Pools,service@tropicislandpools.com,(877) 730-7665,http://www.tropicislandpools.com/,Frisco,TX,Pool,0,unranked,4.0,20
H30 Pools and Exteriors,info@h30pools.com,(682) 409-9372,https://h30pools.com/,Fort Worth,TX,Pool,0,unranked,5.0,10
Hobert Pools & Spas,n@u.jm,(972) 690-8118,https://hobertpools.com/,Dallas,TX,Pool,0,unranked,4.2,204
Custom Pools By Brian,brian@custompoolsbybrian.com,(469) 307-3964,https://www.custompoolsbybrian.com/,Dallas,TX,Pool,0,unranked,5.0,34
Verde Outdoors,contact@funto.comverde,(940) 600-9926,http://www.verdeoutdoors.com/,Colleyville,TX,Pool,0,unranked,4.8,24
Eclipse Custom Homes,info@eclipsecustomhomes.com,(817) 320-4536,http://www.eclipsecustomhomes.com/,Grapevine,TX,"Pool, Motorized Shades",0,unranked,5.0,23
Preferred Exteriors,office@preferredext.com,(972) 955-6048,https://www.preferredext.com/,Grapevine,TX,"Pool, Patio Covers, Motorized Shades",0,unranked,4.9,75
Kingswood Outdoors,info@kingswoodoutdoors.com,(972) 800-2290,https://kingswoodoutdoors.com/,North Richland Hills,TX,"Pool, Patio Covers",0,unranked,5.0,23
DFW Retaining Walls and Pool Demolition LLC.,info@dfwpoolretainingwalls.com,(817) 993-9446,http://dfwpoolretainingwalls.com/,Arlington,TX,Pool,0,unranked,4.9,85
Foley Pools,sales@foleypools.com,(972) 423-7178,https://foleypools.com/,Plano,TX,Pool,0,unranked,4.5,533
Medallion Pools of Texas,info@medallionpooldesign.com,(469) 667-7426,http://www.medallionpooldesign.com/,Frisco,TX,Pool,0,unranked,4.8,166
Tropix Pools & Outdoor Living,hello@tropixpools.com,(972) 276-2222,https://www.tropixpools.com/,Frisco,TX,Pool,0,unranked,4.9,279
Tin Star Fencing,sales@tsfencing.com,(817) 882-6019,https://tsfencing.com/,Fort Worth,TX,Pool,0,unranked,5.0,57
TX Pool & Construction,aulloa@txpoolconstruction.com,(469) 494-9120,https://txpoolconstruction.com/,Dallas,TX,Pool,0,unranked,4.8,18
Creative Pools,gregballardpools@att.net,(214) 373-7665,https://dallascreativepools.com/,Dallas,TX,Pool,0,unranked,4.7,12
Katchakid,info@katchakid.com,(972) 221-6605,https://katchakid.com/lewisville-dallas-location/,Dallas,TX,Pool,0,unranked,4.7,135
D's Pool Care Inc.,dallasdodson77@gmail.com,(817) 845-3533,http://www.wecleanpools.com/,Arlington,TX,Pool,0,unranked,5.0,54
Signature Pools,info@signaturepoolstx.com,(214) 810-2369,http://www.signaturepoolstx.com/,Irving,TX,Pool,0,unranked,4.7,35
Pacific Pool Plastering,pacificpoolplastering@yahoo.com,(469) 858-9859,https://pacificpoolplaster.com/,Irving,TX,Pool,0,unranked,4.8,162
Texas Express Pool Remodeling LLC,texasxpress_irwin@yahoo.com,(972) 977-7500,http://texasexpresspool.com/,Irving,TX,Pool,0,unranked,4.9,38
Romo's Pools & Plastering,romospools@verizon.net,(972) 790-9160,http://www.romospoolsandplastering.com/,Irving,TX,Pool,0,unranked,4.5,20
Fun N Sun Pools,info@funnsunpools.com,(972) 790-7311,https://www.funnsunpools.com/,Irving,TX,Pool,0,unranked,4.2,9
Canyon Oak Pools,info@canyonoakpools.com,(972) 561-9090,https://www.canyonoakpools.com/,McKinney,TX,Pool,0,unranked,5.0,86
"Southernwind Pools, Inc.",info@southernwindpools.com,(972) 783-4090,http://www.southernwindpools.com/,McKinney,TX,Pool,0,unranked,4.5,103
Pool Boss,office@ntxpoolboss.com,(214) 766-2824,http://www.ntxpoolboss.com/,McKinney,TX,Pool,0,unranked,4.6,56
Patio Escapes,info@patioescapes.com,(214) 578-7802,http://patioescapes.com/,McKinney,TX,"Pool, Patio Covers",0,unranked,5.0,1
EAV Construction,eavconstructionllc@gmail.com,(972) 750-9887,http://eavconstruction.com/,Richardson,TX,Pool,0,unranked,5.0,20
Paradise Pools Of Texas,info@fcg-construct.com,(469) 887-1867,https://theparadisepool.com/,Richardson,TX,Pool,0,unranked,5.0,4
Innovative PoolTech,javi.juarez@innovativepooltech.com,(469) 279-5553,https://www.innovativepooltech.com/,Garland,TX,Pool,0,unranked,5.0,35
Pool Tech,poolrepair@sbcglobal.net,(214) 762-3104,https://www.pooltechpools.com/,Mesquite,TX,Pool,0,unranked,4.9,446
Texas Premier Oasis,info@texaspremieroasis.com,(214) 557-7809,http://texaspremieroasis.com/,Mesquite,TX,Pool,0,unranked,4.9,28
Dickson Brothers Inc,onlinesales@dicksonbrothers.com,(972) 288-7537,http://www.dicksonbrothers.com/,Mesquite,TX,Pool,0,unranked,4.5,372
Aqua Architects,office@aquaarchitectsdfw.com,(469) 571-0195,http://aquaarchitectsdfw.com/,Mesquite,TX,Pool,0,unranked,5.0,21
Signature Pool and Patio,service@signaturepoolandpatio.comcall,(214) 501-4835,http://www.signaturepoolandpatio.com/,Rowlett,TX,"Pool, Patio Covers",0,unranked,4.6,17
The Blue Lagoons,tblgpools@gmail.com,(214) 865-7606,https://www.bluelagoonspoolservice.com/,Rowlett,TX,Pool,0,unranked,4.8,218
El Dorado Pools + Outdoors,contact@eldoradopools.com,(214) 607-4700,http://www.eldoradopools.com/,Rowlett,TX,Pool,0,unranked,3.5,22
Pool Xperts,info@pool-xperts.com,(469) 215-7946,http://www.pool-xperts.com/,Rowlett,TX,Pool,0,unranked,4.9,55
Pool Stop Custom Pools,382-5659harvey@poolstoponline.comstore,(972) 645-4586,http://poolstoponline.com/?utm_campaign=gmb,Rockwall,TX,Pool,0,unranked,4.2,228
Rockwall Contractors,ecastro@rockwallcontractors.com,(972) 762-9502,https://www.rockwallcontractors.com/,Rockwall,TX,"Pool, Motorized Shades",0,unranked,4.9,29
Hobert Pools & Spas,n@u.jm,(972) 772-3358,https://hobertpools.com/,Rockwall,TX,Pool,0,unranked,4.5,85
Pool Makeovers llc,poolboygreg@yahoo.com,(972) 310-6672,http://poolmakeovers.org/,Rockwall,TX,Pool,0,unranked,4.3,6
Cullen Pools,info@cullenpools.com,(972) 771-8863,http://www.cullenpools.com/,Rockwall,TX,Pool,0,unranked,3.2,12
Elite Swimming Pool & Spa Service,elitesss1@gmail.com,(469) 855-4505,http://elitesss.com/?utm_source=Google+Profile&utm_medium=organic,Rockwall,TX,Pool,0,unranked,4.8,125
A Veterans Pool Company Wylie,bigsarge@aveteranspoolcompany.com,(469) 981-7665,https://aveteranspoolcompany.com/wylie/,Wylie,TX,Pool,0,unranked,4.6,11
Sunbelt Pools inc.,info@sunbeltpools.com,(214) 343-1133,http://www.sunbeltpools.com/,Wylie,TX,Pool,0,unranked,4.8,49
Four Seasons Lawn + Landscaping,hello@fourseasons-lawn.com,(214) 504-4250,https://fourseasons-lawn.com/,Murphy,TX,Pool,0,unranked,4.7,77
Lone Star Pool & Patio,info@lonestarpoolandpatios.com,(469) 358-2472,https://lonestarpoolandpatios.com/,Sachse,TX,Pool,0,unranked,4.1,11
Dreamcatchers Construction,pat@dreamcatchersconstruction.com,(254) 624-9044,http://www.dreamcatchersconstruction.com/,Lucas,TX,"Pool, Patio Covers",0,unranked,4.6,18
Edge Outdoor Designs,info@edgeod.com,(972) 800-7435,http://www.edgeod.com/,Prosper,TX,"Pool, Patio Covers, Motorized Shades",0,unranked,5.0,49
Celina Outdoor Living Solutions,info@celinaoutdoorsolutions.com,(972) 433-0424,https://www.celinaoutdoorsolutions.com/,Celina,TX,"Pool, Patio Covers, Motorized Shades",0,unranked,,0
"Gideo Construction, Inc.",info@gideoconstruction.com,(972) 407-0000,https://www.gideoconstruction.com/,Celina,TX,Pool,0,unranked,,0
Outdoor Living Pool & Patio,info@outdoorliving-poolandpatio.com,(972) 317-3500,http://www.outdoorliving-poolandpatio.com/,Denton,TX,"Pool, Patio Covers, Motorized Shades",0,unranked,4.5,312
Vega Pools & Outdoor Living,sales@vegapools.com,(940) 387-5868,http://vegapools.com/,Denton,TX,Pool,0,unranked,3.9,26
Zodiac Pools & Outdoor Living,sales@zodiacpoolstx.com,(940) 213-3719,http://www.zodiacpoolstx.com/,Denton,TX,Pool,0,unranked,4.4,70
Petri Pools,petripools@gmail.com,(972) 219-8700,http://www.petripools.com/,Lewisville,TX,Pool,0,unranked,4.8,178
Fiberglass Pool Guyz,info@bensonsbakery.co.uk,(469) 897-0015,http://fiberglasspoolguyz.com/,Lewisville,TX,Pool,0,unranked,4.2,36
Elite Concepts,mike@eliteconceptsinc.com,(214) 222-1225,https://eliteconceptsinc.com/,Lewisville,TX,Pool,0,unranked,5.0,2
Inground Pools of Paradise,poolsofparadise@gmail.com,(469) 464-3610,https://poolsdallas.net/,Lewisville,TX,Pool,0,unranked,4.2,45
Better Fence Company - Lewisville,info@abetterfencecompany.com,(214) 425-7232,https://abetterfencecompany.com/lewisville-fence-companies/,Lewisville,TX,Pool,0,unranked,5.0,1
Kodiak Fence Company,sales@kodiakfencecompany.com,(469) 754-8913,https://kodiakfencecompany.com/,Flower Mound,TX,Pool,0,unranked,5.0,87
Shaw Pools,info@shawpools.com,(817) 925-7556,http://www.shawpools.com/,Flower Mound,TX,Pool,0,unranked,3.9,11
"Robertson Pools, Inc",info@robertsonpools.com,(972) 393-2152,http://www.robertsonpools.com/,Flower Mound,TX,Pool,0,unranked,4.0,142
Pool Care Specialists,info@poolcarespecialists.com,(972) 829-8485,https://poolcarespecialists.com/,Flower Mound,TX,Pool,0,unranked,4.7,189
Aquatechnik Pool Service,info@aquatechnikpools.com,(972) 746-5501,https://www.aquatechnikpools.com/,Flower Mound,TX,Pool,0,unranked,4.8,16
Hourman LLC,mark@hourmanllc.com,(214) 984-6096,https://hourmanllc.com/,The Colony,TX,Pool,0,unranked,5.0,37
Perry Custom Builders,paulgperry@gmail.com,(940) 442-9134,http://www.perrycustombuilders.com/,Corinth,TX,"Pool, Patio Covers",0,unranked,5.0,10
Hardy Poolscapes,info@hardypoolscapes.comdfw,(940) 600-3605,https://www.hardypoolscapes.com/,Highland Village,TX,Pool,0,unranked,5.0,3
Premier Contracting,info@premier-contracting.com,(972) 317-6364,http://www.premier-contracting.com/,Highland Village,TX,"Pool, Patio Covers, Motorized Shades",0,unranked,5.0,18
Legacy Custom Pools,troy@legacycustompools.org,(214) 251-2846,https://www.legacycustompools.org/,Coppell,TX,Pool,0,unranked,4.6,10
"Beyond Expectations, LLC",richard@beyondexps.com,(972) 955-6250,http://www.beyondexps.com/,Coppell,TX,"Pool, Patio Covers",0,unranked,4.4,7
Hartsell Pool Renovations,tom@hartsellpools.com,(817) 485-7525,http://www.hartsellpools.com/,Haltom City,TX,Pool,0,unranked,3.4,28
G&S Renovations,maria@gnspools.com,(817) 560-2413,http://gnspools.com/,Watauga,TX,Pool,0,unranked,4.1,8
Pool Leak Detection and Repair - Manly Maids,contact@manlymaids.com,(469) 628-6483,http://www.manlymaids.com/,Watauga,TX,Pool,0,unranked,4.4,61
Pool Logistics,sales@poollogistics.com,(817) 793-4290,https://www.poollogistics.com/?utm_source=google&utm_medium=wix_google_business_profile&utm_campaign=17067059352310888190,Watauga,TX,Pool,0,unranked,4.7,48
"SEA BLUE POOL AND SPA SERVICES, LLC",seabluepool@yahoo.com,(817) 897-0751,https://seabluepoolandspaservicesllc.com/,Saginaw,TX,Pool,0,unranked,4.9,92
Emerald Pool Care,info@emeraldcustompools.com,(817) 210-6524,https://emeraldcustompools.com/pool-care/,Saginaw,TX,Pool,0,unranked,5.0,24
Henryâ€™s Enclosures Inc.,info@henrysenclosures.com,(561) 284-0415,https://www.henrysenclosures.com/,Lake Worth,TX,Pool,0,unranked,4.7,62
Sun-Ray Pools of Burleson,info@sun-raypools.com,(817) 295-5322,http://www.sun-raypools.com/,Crowley,TX,Pool,0,unranked,4.3,34
Texas Tides Custom Pools,jrnelson406@gmail.com,(817) 305-6469,https://www.texastidespools.com/,Crowley,TX,Pool,0,unranked,5.0,43
Dolce Pools,tyler@dolcepools.com,(817) 300-3606,http://www.dolcepools.com/,Mansfield,TX,"Pool, Patio Covers",0,unranked,5.0,39
Bonnie & Clydes Pools and Spas,nrh@bncpools.com,(817) 295-7946,http://www.bncpools.com/,Burleson,TX,Pool,0,unranked,4.3,93
Supreme Pools,supremepools1@att.net,(817) 558-0057,http://www.supremepoolstx.com/,Cleburne,TX,Pool,0,unranked,4.6,20
Cleburne Fence,quote@cleburnefence.net,(817) 645-3348,http://www.cleburnefence.net/,Cleburne,TX,Pool,0,unranked,4.9,49
Stone Bison General Construction,stonebisondees@gmail.com,(817) 946-6776,https://stonebisonconstruction.com/,Cleburne,TX,"Pool, Patio Covers, Motorized Shades",0,unranked,5.0,21
BRIGHT POOLS LLC,brittany@brightpoolsllc.com,(214) 762-5388,http://www.brightpoolsllc.com/,Midlothian,TX,Pool,0,unranked,4.9,39
RiverMist Pools and Spas,bill@rivermistpools.com,(972) 775-1444,http://www.rivermistpools.com/,Midlothian,TX,"Pool, Patio Covers",0,unranked,4.8,95
Crystal Clear Custom Pools,service@cccpools.com,(214) 893-3922,http://www.cccpools.com/,Midlothian,TX,Pool,0,unranked,4.8,146
Complete Outdoor Living Pools & Spas,completeoutdoorliving@gmail.com,(972) 693-7549,http://colpools.com/?utm_source=gmb&utm_medium=referral,Midlothian,TX,Pool,0,unranked,4.9,28
Blue Diamond Pools,mybluediamondpools@gmail.com,(817) 821-1786,https://sites.google.com/view/bluediamondpools/home?authuser=0,Midlothian,TX,Pool,0,unranked,5.0,41
"B & J Custom Homes, Inc.",info@bjcustomhomes.com,(214) 206-8949,http://www.bjcustomhomes.com/,Cedar Hill,TX,"Pool, Motorized Shades",0,unranked,5.0,3
Innovative Projects and Design,innovativeprojectsanddesigns@gmail.com,(469) 493-6211,http://www.ipadprojects.com/,DeSoto,TX,"Pool, Patio Covers, Motorized Shades",0,unranked,4.5,26
Universal Enclosures Systems,sday@ues-tx.com,(972) 298-0531,https://www.universalenclosures.com/,Duncanville,TX,Pool,0,unranked,4.0,1
Blue Canyon Poolscape Concepts LLC,whartonheath@yahoo.com,(903) 399-2275,http://www.bluecanyonpools.com/,Red Oak,TX,Pool,0,unranked,4.7,19
"Next Century Screens, Inc.",info@nextcenturyscreens.com,(972) 496-4981,http://www.nextcenturyscreens.com/,Dallas,TX,Pool,0,unranked,4.8,21
Precision Siding & Construction,info@precisionhomeproducts.com,(888) 342-4831,http://www.precisionhomeproducts.com/,Grand Prairie,TX,"Pool, Motorized Shades",0,unranked,4.8,836
Vito's Pool Service LLC,info@vitospoolservice.com,,https://vitospoolservice.com/,McKinney,TX,Pool,0,unranked,4.9,102
Advance Pools Inc,service@advancepools.com,(972) 248-4360,https://www.advancepoolsinc.com/?utm_source=google&utm_medium=organic&utm_campaign=gmb,McKinney,TX,Pool,0,unranked,4.8,14
A Better Pool Service,service@abetterpoolservice.com,(214) 347-8016,http://www.abetterpoolservice.com/,Allen,TX,Pool,0,unranked,4.4,38
RMD Pool Service,cs@rmdpoolservice.com,(972) 656-0703,https://rmdpoolservice.com/,Allen,TX,Pool,0,unranked,4.4,14
Santorini Pools,santorinipools@gmail.com,(469) 554-2741,https://www.mysantorinipools.com/,Garland,TX,Pool,0,unranked,4.9,27
Michael Solar Screens,michaelsolarscreens@gmail.com,(469) 562-3049,https://www.michaelsolarscreens.com/,Wylie,TX,Pool,0,unranked,5.0,31
Murphy Wallpaper Installer,info@murphywallpaperinstaller.com,(469) 933-0332,https://murphywallpaperinstaller.com/?utm_source=GMB&utm_id=GMB,Murphy,TX,Pool,0,unranked,5.0,10
Pool Cage Screening,brandonlm281988@gmail.com,(941) 713-6960,https://poolcagescreening.com/,Denton,TX,Pool,0,unranked,5.0,1
Able Handyman Services,ryangaker@gmail.com,(817) 504-3736,http://ablerenovationandhandyman.com/,Denton,TX,Pool,0,unranked,4.5,8
Ace Screen Repair & More LLC,office@acecfl.com,(239) 919-6779,https://acecfl.com/,Denton,TX,Pool,0,unranked,4.7,151
"FNS POOL SERVICE and REPAIRS, LLC",admin@fnspoolservicestx.com,(214) 515-2313,https://fnspoolservicestx.com/,Flower Mound,TX,Pool,0,unranked,4.8,39
Ameristar Screen and Glass,contact@ameristarglass.com,(972) 406-3200,http://www.ameristarglass.com/,Carrollton,TX,Pool,0,unranked,4.1,27
The Pool Store Coppell,inquiry@poolstorecoppell.com,(469) 200-0483,https://www.poolstorecoppell.com/,Coppell,TX,Pool,0,unranked,5.0,10
"Pirate Island Pools, LLC",pirateislandpools@gmail.com,(817) 925-4859,https://pirateislandpools.com/,Colleyville,TX,Pool,0,unranked,4.8,106
Kingswood landscape,info@kingswoodlandscape.com,(833) 383-1178,http://kingswoodlandscape.com/,Colleyville,TX,Pool,0,unranked,4.9,122
Bonnie & Clydes Pools and Spas,nrh@bncpools.com,(817) 284-3363,http://www.bncpools.com/,Hurst,TX,Pool,0,unranked,4.4,170
Awntech Corporation,sales@awntech.com,(800) 200-5997,https://awntech.com/?utm_source=GMB&utm_medium=organic,Euless,TX,"Pool, Motorized Shades",0,unranked,4.7,109
Marine Blue Pool Service & Repair,joey@marinebluepoolservice.com,(817) 381-6381,http://www.marinebluepoolservice.com/,Saginaw,TX,Pool,0,unranked,4.4,19
Nice & Tight - Pool Enclosure Screen Repair & Refurbishment / Motorized Screens,niceandtightscreen@hotmail.com,(754) 707-2746,http://www.niceandtight.net/,Lake Worth,TX,Pool,0,unranked,4.9,321
FlyFix,760-0906help@flyfix.memonday,(817) 760-0906,https://www.flyfix.com/,White Settlement,TX,Pool,0,unranked,5.0,55
ACF Tarp & Awning,sales@acfdfw.com,(817) 478-1800,http://www.acfdfw.com/,White Settlement,TX,Pool,0,unranked,5.0,98
Yard Art Outdoor Living - Fort Worth,yag@myyardart.com,(817) 946-0362,https://myyardart.com/,White Settlement,TX,Pool,0,unranked,4.8,195
Artistry Pool Solutions,mike@artistrypoolsolutions.com,(817) 825-8706,http://www.artistrypoolsolutions.com/,Benbrook,TX,Pool,0,unranked,4.7,20
Champion Glass & Mirror,akemp@championglassfortworth.com,(817) 731-7403,https://www.championglassfortworth.com/,Benbrook,TX,Pool,0,unranked,4.8,29
Lone Star Auto Sound & Security,lonstrass@aol.com,(682) 841-3646,https://www.autoaccessoriescrowleytx.com/,Crowley,TX,Pool,0,unranked,4.4,43
Integra Pest & Lawn- Crowley TX,service@integralawns.com,(817) 310-9106,http://www.integralawns.com/,Crowley,TX,Pool,0,unranked,4.8,206
Screening Dunrite - Complete outdoor solutions,screeningdunrite@gmail.com,(727) 645-9575,http://www.screeningdunrite.com/,Mansfield,TX,Pool,0,unranked,5.0,209
Tucker Pro Services,info@tuckerpros.com,(214) 680-6059,http://tuckerpros.com/,Mansfield,TX,Pool,0,unranked,4.9,145
Showtime Exteriors Commercial Roofing Company,admin@showtimeexteriors.com,(817) 400-7663,http://www.showtimeexteriors.com/,Mansfield,TX,"Pool, Patio Covers, Motorized Shades",0,unranked,4.5,30
ProTex Remodeling Windows - Doors - Siding,eric@protexremodeling.com,(817) 422-0552,https://www.protexremodeling.com/,Burleson,TX,"Pool, Patio Covers, Motorized Shades",0,unranked,5.0,142
Celebrity Pools,info@celebritypools.com,(817) 326-1468,http://www.celebritypools.com/,Cleburne,TX,Pool,0,unranked,4.6,37
Brighter Pool Services,matt@brighterpoolservices.com,(469) 846-9797,https://www.brighterpoolservices.com/,Midlothian,TX,Pool,0,unranked,4.9,134
A & M Pool Service & Repair,info@ampoolservicerepair.com,(214) 399-7347,http://ampoolservicerepair.com/?utm_source=gmb&utm_medium=referral,Waxahachie,TX,Pool,0,unranked,4.8,42
Allen Aquatics,jallen@allenaquatics.com,(214) 923-5584,https://www.allenaquatics.com/,Waxahachie,TX,Pool,0,unranked,5.0,1
Creekside Mirror & Glass,creeksidemirror@gmail.com,(972) 268-9183,https://www.creeksidemirrorandglass.com/,Waxahachie,TX,Pool,0,unranked,5.0,12
"MD Pool Service, Inc.",contact@mdpoolserviceinc.com,(469) 437-7935,https://mdpoolserviceinc.com/,Waxahachie,TX,Pool,0,unranked,4.7,69
Fences and More LLC,fencesandmore7@gmail.com,(214) 478-6811,https://www.fencesandmore.net/,DeSoto,TX,"Pool, Patio Covers, Motorized Shades",0,unranked,5.0,5
West Coast Screening,westcoastscreening941@gmail.com,(941) 999-8486,https://westcoastscreeningllc.com/,Lancaster,TX,Pool,0,unranked,4.9,712
Panthera Home Services - Pool Enclosure Screen Repair,info@pantherahomeservices.com,(904) 780-6545,https://www.pantherahomeservices.com/,Lancaster,TX,Pool,0,unranked,4.8,86
A&O Texas Solutions Corporate Offices,fencing@aotexassolutions.com,(817) 287-9853,https://www.aotexassolutions.com/,Arlington,TX,Pool,0,unranked,5.0,1
Poseidon Pool Supply,support@poseidonpoolsupply.com,(972) 476-7851,http://poseidonpoolsupply.com/,Plano,TX,Pool,0,unranked,4.9,64
Artesian Custom Pools,info@artesiancustompools.com,(214) 578-3395,http://www.artesiancustompools.com/,Frisco,TX,Pool,0,unranked,3.7,7
Graves Pools & Outdoor Living,info@team-graves.com,(469) 497-8271,https://www.gravespoolsandoutdoorliving.com/,Rockwall,TX,"Pool, Patio Covers",0,unranked,4.8,13
PCR Pools and Spas LLC,pcrpoolsandspas@gmail.com,(972) 884-0220,https://pcrpoolsandspas.com/,Rockwall,TX,Pool,0,unranked,4.8,20
Deck Masters Patios (Wylie and Surrounding Area Location),kenny@deckmasterspatios.com,(214) 998-0996,http://www.deckmasterspatios.com/,Wylie,TX,"Pool, Patio Covers, Motorized Shades",0,unranked,4.8,38
Texas Built Construction,projects@txbuiltconstruction.com,(972) 219-0729,https://www.txbuiltconstruction.com/?utm_source=google&utm_medium=local&utm_campaign=gbp,Murphy,TX,Pool,0,unranked,4.6,105
Homes by J. Anthony,tprutch@homesbyjanthony.com,(972) 400-1291,https://www.homesbyjanthony.com/,Lucas,TX,"Pool, Patio Covers",0,unranked,4.8,78
American Aluminum Display Center,americanaluminumtx@gmail.com,(409) 833-2400,http://www.carportsandpatios.com/,Lucas,TX,Pool,0,unranked,3.8,10
Mr Screen Renovations Services LLC,sales@mrscreenllc.com,(239) 383-4419,http://www.mrscreenllc.com/,Prosper,TX,Pool,0,unranked,5.0,14
Light Farms,press@lightfarmstx.com,(214) 618-4542,http://www.lightfarmstx.com/,Celina,TX,Pool,0,unranked,4.7,179
Mustang Lakes,info@mustanglakes.com,(972) 993-6737,http://mustanglakes.com/,Celina,TX,Pool,0,unranked,4.5,164
Weisz Selection Outdoor Living Specialists,info@weiszselection.com,(972) 838-4205,https://weiszselection.com/,Celina,TX,Pool,0,unranked,4.6,48
Replace My Cage,contact@mysite.com,(941) 203-4133,https://replacemycage.com/,Denton,TX,Pool,0,unranked,5.0,121
"Landscape Investments, LLC",greg@fenceinvestments.com,(940) 321-2047,http://www.fenceinvestments.com/,Denton,TX,"Pool, Patio Covers",0,unranked,4.9,93
Plungie USA,jobs@plungie.com,(855) 758-6443,https://plungie.com/en-us/,Lewisville,TX,Pool,0,unranked,4.5,41
Palm Construction Dallas,customerservice@palmconstructiontx.com,(214) 984-9228,https://www.palmconstructiontx.com/,Coppell,TX,Pool,0,unranked,4.5,26
Texas Pool Supply,info@heritagepsg.com,(817) 755-1844,https://www.heritagepoolsupplygroup.com/en/distributor-network/TPSFTWO/,North Richland Hills,TX,Pool,0,unranked,4.3,6
SPC Construction & Roofing,info@spcgc.com,(817) 684-1088,https://www.spcroofs.com/,Bedford,TX,Pool,0,unranked,4.8,126
"J Reynolds & Co., Inc.",info@jreynolds.com,(817) 306-9596,http://www.jreynolds.com/,Saginaw,TX,Pool,0,unranked,4.2,20
B Smart Builders,items.contact817-367-9063info@bsmartbuilders.comaddress,(817) 367-9063,http://www.bsmartbuilders.com/,Benbrook,TX,Pool,0,unranked,5.0,4
Hard Hat Construction & Remodeling,info@hhctx.co,(817) 381-9995,http://www.hhctx.co/,Crowley,TX,"Pool, Patio Covers",0,unranked,4.8,51
Steve Hawkins Custom Homes,laura@stevehawkinshomes.com,(817) 737-4446,http://stevehawkinshomes.com/,Crowley,TX,Pool,0,unranked,4.0,32
Steve Hawkins Builders,laura@stevehawkinshomes.com,(817) 297-0919,https://stevehawkinshomes.com/,Crowley,TX,Pool,0,unranked,5.0,1
Mansfield Custom Homes,accounts@mchtexas.com,(682) 518-1158,https://www.mchtexas.com/,Mansfield,TX,"Pool, Patio Covers",0,unranked,4.8,17
Re and Re - Powered by Regis Construction,reandreservices@gmail.com,(239) 961-3926,http://www.reandreservices.com/,Burleson,TX,Pool,0,unranked,5.0,8
Lemaster Custom Pools,justin@lemastercustompools.com,(817) 389-2688,http://www.lemastercustompools.com/,Burleson,TX,Pool,0,unranked,4.6,21
Hershy Decks,beau@hershydecks.com,(817) 933-8064,http://hershyandsons.com/,Cleburne,TX,"Pool, Motorized Shades",0,unranked,5.0,67
Game Time Construction & Remodeling,game.timeconstruction@gmail.com,(682) 330-3610,https://www.gametimeconstructionandremodeling.com/,Waxahachie,TX,Pool,0,unranked,4.1,24
Cedar Creek Pools,info@cedarcreekpools.com,(844) 903-7665,https://www.cedarcreekpools.com/,Cedar Hill,TX,Pool,0,unranked,3.8,17
Gordon's Remodeling LLC,gordonremodelingdfw@gmail.com,(972) 217-3325,http://www.gordonsremodeling.com/,DeSoto,TX,Pool,0,unranked,3.2,13
Adams Aluminum Pool & Patio Enclosures,info@z0j.e64.myftpupload.com,(985) 626-8813,http://www.adamsaluminum.com/,Lancaster,TX,Pool,0,unranked,4.6,44
Texas Patio and Fence Co.,info@texaspatioandfence.com,(817) 332-0069,https://texaspatioandfence.com/,Fort Worth,TX,Patio Covers,0,unranked,5.0,6
Make Me Construction,info@makemeconstruction.com,(682) 222-6511,https://www.makemeconstruction.com/,Fort Worth,TX,Patio Covers,0,unranked,4.7,43
"Victory Awning, Inc.",info@victoryawning.net,(817) 759-1600,http://www.victoryawning.net/,Fort Worth,TX,"Patio Covers, Motorized Shades",0,unranked,4.5,11
"Pergola, Patio Covers, Deck Builders at RHH Construction",info@patiocoversdallas.com,(214) 609-1133,https://www.patiocoversdallas.com/,Dallas,TX,"Patio Covers, Motorized Shades",0,unranked,5.0,77
HJ Cedar Patio Covers and Stamped Concrete,hjpatiocovers@gmail.com,(214) 859-0111,http://www.hjpatiocovers.com/,Dallas,TX,Patio Covers,0,unranked,4.8,100
Louvered Roof DFW,info@openingroofdfw.com,(214) 995-2917,http://louveredroofdfw.com/,Dallas,TX,"Patio Covers, Motorized Shades",0,unranked,5.0,18
Decathlon Construction,aterry@decathlonconstruction.com,(972) 530-3884,https://decathlonconstruction.com/?utm_source=google&utm_medium=organic&utm_campaign=graysonsky,Dallas,TX,"Patio Covers, Motorized Shades",0,unranked,4.8,84
DFW Siding & Patio,info@dfwsidingandpatio.com,(972) 564-6560,http://www.dfwsidingandpatio.com/,Dallas,TX,"Patio Covers, Motorized Shades",0,unranked,4.3,17
Texas Patios Plus & Pools,info@texaspatiosplus.com,(817) 841-9511,https://texaspatiosplus.com/,Dallas,TX,Patio Covers,0,unranked,5.0,39
FlagScaping,service@flagscaping.com,(469) 286-0035,http://flagscaping.com/,Southlake,TX,Patio Covers,0,unranked,5.0,29
Southlake Outdoor Living,southlakeoutdoor@gmail.com,(469) 783-8244,http://southlakeoutdoorliving.com/,Southlake,TX,Patio Covers,0,unranked,,0
Corinthpatiocovers.com,sales@corinthpatiocovers.com,(972) 318-9663,https://corinthpatiocovers.com/,Southlake,TX,Patio Covers,0,unranked,5.0,9
Yard Art Patio & Fireplace - Colleyville,yag@myyardart.com,(817) 421-2414,https://www.myyardart.com/,Colleyville,TX,Patio Covers,0,unranked,4.5,97
Coaches Outdoor Services,coachesoutdoorservices@gmail.com,(817) 402-4411,https://www.coachesoutdoorservices.com/,Keller,TX,Patio Covers,0,unranked,4.9,68
Yard Art Patio & Fireplace - Grapevine,yag@myyardart.com,(817) 328-0200,https://www.myyardart.com/,Grapevine,TX,Patio Covers,0,unranked,4.8,78
Outback Creations,terry@outbackcreations.com,(817) 832-2811,http://www.outbackcreations.com/,Arlington,TX,Patio Covers,0,unranked,5.0,1
Paving Texas Construction,pavingtexasconstruction@gmail.com,(972) 805-3595,https://texaspaversoutdoorliving.com/,Arlington,TX,Patio Covers,0,unranked,4.7,25
Affordable Pergolas DFW,info@affordablepergolasdfw.com,(469) 991-1200,http://www.affordablepergolasdfw.com/,Plano,TX,"Patio Covers, Motorized Shades",0,unranked,4.7,50
Dalton Construction & Outdoor Concepts,info@dalton-construction.com,(214) 930-5220,http://www.dalton-construction.com/?utm_campaign=gmb,Plano,TX,"Patio Covers, Motorized Shades",0,unranked,4.9,45
Decks Over Texas,gmcgyver44@yahoo.com,(469) 867-0144,http://www.decksovertexas.com/,Plano,TX,Patio Covers,0,unranked,5.0,4
Madrid Custom Patios,sales@madridcustompatios.com,(866) 972-0660,http://madridcustompatios.com/,Plano,TX,Patio Covers,0,unranked,4.8,24
MTR Contractors,office@mtrcontractors.com,(972) 432-7011,https://www.mtrcontractors.com/,Frisco,TX,"Patio Covers, Motorized Shades",0,unranked,4.8,25
Worthy Outdoors,trina@worthy-outdoors.com,(214) 316-0153,http://www.worthy-outdoors.com/,Fort Worth,TX,Patio Covers,0,unranked,5.0,10
Sierra Outdoor - Custom Exterior Creations,tobypence@gmail.com,(214) 883-8526,http://www.sierraoutdoor.com/,Dallas,TX,Patio Covers,0,unranked,5.0,13
Veranda Luxury Homes,betty@vdhtx.com,(972) 489-7100,https://www.verandaluxuryhomes.com/,Southlake,TX,Patio Covers,0,unranked,5.0,23
Birkes Builders,davidhbirkes@birkesbuilders.com,(817) 203-4603,https://www.birkesbuilders.com/,Colleyville,TX,Patio Covers,0,unranked,4.9,30
USA Eagle Carports,sales@usaeaglecarports.com,(866) 934-1888,http://www.usaeaglecarports.com/,North Richland Hills,TX,Patio Covers,0,unranked,3.9,18
A&O Texas Solutions Fence and Patio DFW,fencing@aotexassolutions.com,(817) 287-9853,https://aotexassolutions.com/,Arlington,TX,Patio Covers,0,unranked,4.7,261
Great Exteriors,mygreatexterior@gmail.com,(817) 676-1949,https://www.greatexteriors.net/,Arlington,TX,Patio Covers,0,unranked,5.0,11
ABP Construction,eric@abpconstructionllc.com,(817) 504-6341,http://abpconstructionllc.com/,Fort Worth,TX,Patio Covers,0,unranked,4.8,203
Patrick's Roofing,patrickm434369@gmail.com,(817) 528-2991,http://www.patricksroofing.com/,Fort Worth,TX,Patio Covers,0,unranked,4.9,112
Good Contractors Roofing and Restoration,info@goodcontractorsroofing.com,(682) 842-7663,https://goodcontractorsroofing.com/,Fort Worth,TX,Patio Covers,0,unranked,5.0,71
My Texas Contracting | Roofing,info@mytexascontracting.com,(817) 646-5061,http://www.mytexascontracting.com/,Fort Worth,TX,Patio Covers,0,unranked,4.8,23
Creation Roofing and Foundation,creationroofingandfoundation@gmail.com,(214) 893-0843,https://www.creationroofingandfoundation.com/,Dallas,TX,Patio Covers,0,unranked,5.0,34
Home Quality Solutions Roofing,info@hqs.metamedia.cloud,(469) 620-8306,https://homequalitysolutions.com/,Dallas,TX,Patio Covers,0,unranked,4.9,144
Autograph Construction,info@autographconstruction.com,(214) 210-0202,https://autographconstruction.com/,Dallas,TX,Patio Covers,0,unranked,4.8,144
DTX Construction,josh@dtxconstruction.net,(469) 820-3830,http://www.dtxroofing.com/,Dallas,TX,Patio Covers,0,unranked,4.9,200
Green Star Commercial Roofing,greenstarjobs@gmail.com,(469) 656-5624,https://www.greenstarcommercialroofing.com/,Dallas,TX,Patio Covers,0,unranked,5.0,24
Alexander and Sons Roofing,dean@weroofntx.com,(817) 455-4745,https://www.alexanderandsonsroofing.com/,Southlake,TX,Patio Covers,0,unranked,5.0,70
Welcome Home Roofing & Remodeling,info@wh-rr.com,(817) 527-1880,http://www.wh-loveyourhome.com/,Southlake,TX,Patio Covers,0,unranked,5.0,35
Best Roofer Solar,marichardson@bestroofersolar.com,(682) 688-7727,https://bestroofersolar.com/,Southlake,TX,Patio Covers,0,unranked,4.9,294
Hart Roofing & Construction,info@hart.build,(844) 303-4278,http://www.hart.build/,Southlake,TX,Patio Covers,0,unranked,5.0,122
Dodd Roofing and Exteriors,info@doddroofs.com,(682) 364-6330,https://doddroofs.com/texas,Southlake,TX,Patio Covers,0,unranked,4.8,24
TFE Contracting,webpagecontact@tfegc.com,(800) 200-8777,https://tfegc.com/,Southlake,TX,Patio Covers,0,unranked,5.0,4
Charles Martin Roofing & Construction,info@cdmartinroofing.com,(817) 554-2261,http://charlesmartinroofing.com/,Colleyville,TX,Patio Covers,0,unranked,4.9,45
David Martin & Son Roofing,david@davidmartinandsonroofing.com,(817) 236-9898,https://www.davidmartinandsonroofing.com/,Colleyville,TX,Patio Covers,0,unranked,4.9,93
"Cowboys Roofing & Restoration, LLC",info@cowboysroofing.net,(817) 382-3767,https://cowboysroofingllc.net/contact-us/?utm_campaign=gmb,Colleyville,TX,Patio Covers,0,unranked,5.0,6
Foster's Construction and Roofing,fostersconstructiondfw@gmail.com,(817) 454-4466,http://www.fostersconstruction.biz/,Colleyville,TX,"Patio Covers, Motorized Shades",0,unranked,4.8,44
Ahlers Roofing and Construction LLC,info@ahlersroofing.com,(214) 214-7663,https://www.ahlersroofing.com/,Colleyville,TX,Patio Covers,0,unranked,4.5,218
Uptown Roofing & Co.,admin@uptownroofers.com,(214) 739-9665,https://uptownroofers.com/,Colleyville,TX,Patio Covers,0,unranked,5.0,113
Hammerhead Roof,info@hammerheadroof.com,(817) 475-6882,https://hammerheadroof.com/?utm_campaign=GoogleMyBusiness,Colleyville,TX,Patio Covers,0,unranked,4.8,45
Becker Roofing and Exteriors,admin@brexteriors.com,(817) 898-7175,https://www.brexteriors.com/,Keller,TX,Patio Covers,0,unranked,4.9,57
Martin Pitts Roofing & Construction,hello@martinpittsconstruction.com,(817) 750-2900,https://www.martinpittsconstruction.com/,Keller,TX,Patio Covers,0,unranked,4.8,26
High Pointe Roofing and Construction,will@callhp.com,(817) 902-8843,http://www.callhp.com/,Keller,TX,Patio Covers,0,unranked,5.0,102
Dimensional Pro Construction,info@dimensionalpro.com,(817) 308-4824,http://www.dimensionalpro.com/,Keller,TX,Patio Covers,0,unranked,5.0,159
Ryerson Roofing Inc.,info@ryersonroofing.com,(817) 756-7686,https://ryersonroofing.com/,Grapevine,TX,Patio Covers,0,unranked,5.0,42
PROCO Roofing,info@procoroof.com,(833) 467-7626,https://procoroof.com/,Grapevine,TX,Patio Covers,0,unranked,4.8,304
Praus Construction,info@prausconstruction.com,(817) 601-5305,http://www.prausconstruction.com/,Grapevine,TX,Patio Covers,0,unranked,4.9,39
Buford Roofing & Construction Inc.,hendrickjennifer550@gmail.com,(817) 329-7663,https://www.bufordroofing.com/,Grapevine,TX,Patio Covers,0,unranked,4.8,115
A Star Roofing of Texas,asroftx@gmail.com,(469) 344-0020,https://www.astarroofingoftexas.com/,North Richland Hills,TX,Patio Covers,0,unranked,5.0,66
Texas Roof Masters & Construction Co.,michael@txroofmastersconstruction.com,(817) 313-6725,http://www.txroofmastersconstruction.com/,North Richland Hills,TX,Patio Covers,0,unranked,5.0,9
D. Bassett Roofing & Renovation,info@dbassettroofing.com,(817) 265-7444,https://www.dbassettroofing.com/,Arlington,TX,"Patio Covers, Motorized Shades",0,unranked,4.8,152
"Roof Experts, LLC",contact@roofexpertsllc.com,(817) 754-9484,https://roofexpertsllc.com/?utm_source=gmb&utm_medium=organic&utm_campaign=Maps,Arlington,TX,Patio Covers,0,unranked,4.9,74
Lonestar Roofing And Construction,info@lonestarrac.com,(888) 421-1688,https://lonestarrac.com/,Arlington,TX,Patio Covers,0,unranked,5.0,101
"1UP Construction, LLC",contact@1upconstructionllc.com,(682) 777-1556,https://1upconstructionllc.com/,Arlington,TX,Patio Covers,0,unranked,4.9,36
John Wade Roofing,john@johnwaderoofing.com,(817) 265-5520,http://johnwaderoofing.com/,Arlington,TX,"Patio Covers, Motorized Shades",0,unranked,4.9,181
Elite Exteriors,eliteexteriorsdfw@gmail.com,(817) 825-8827,http://www.eliteexteriors.org/,Arlington,TX,"Patio Covers, Motorized Shades",0,unranked,4.9,147
Quality Tops Roofing,info@qualitytopsroofing.com,(817) 469-8677,https://qualitytopsroofing.com/,Arlington,TX,Patio Covers,0,unranked,4.9,104
Golden Summit Roofing and Restoration,info@goldensummitrr.com,(972) 742-2507,https://goldensummitrr.com/,Arlington,TX,Patio Covers,0,unranked,5.0,53
Reign Roofing and Construction,company@reignroofing.net,(214) 396-5805,https://reignroofing.net/?utm_source=google&utm_medium=organic&utm_campaign=gbp_tracking,Plano,TX,Patio Covers,0,unranked,5.0,117
Absolute Construction,office@absoluteteam.net,(972) 596-0159,https://www.absoluteroofingcompany.net/?utm_source=Google&utm_medium=Local&utm_campaign=GMB-Dallas,Plano,TX,Patio Covers,0,unranked,4.9,665
Hoss Roofing & General Contracting,admin@hossroofing.com,(214) 641-9119,http://hossroofing.com/,Plano,TX,Patio Covers,0,unranked,5.0,153
Lotus Leaks & Roof Restorations,lotu4255@lotusroofrestorations.com,(214) 499-1898,https://lotusroofrestoration.com/,Plano,TX,Patio Covers,0,unranked,4.9,253
VIP General Contractors LLC,vip@vip-gc.com,(469) 847-0085,http://www.vip-gc.com/,Frisco,TX,Patio Covers,0,unranked,4.9,62
"Town and Country Roofing, Inc.",info@townandcountryroofingdfw.com,(972) 377-8188,http://www.townandcountryroofingdfw.com/,Frisco,TX,Patio Covers,0,unranked,4.8,204
Valor Roofing Group,norm@valorroofinggroup.com,(214) 854-6204,https://valorroofinggroup.com/,Frisco,TX,Patio Covers,0,unranked,5.0,34
M.D. Roofing & Construction,michael@mdroofingpros.com,(972) 834-3009,http://mdroofingpros.com/,Frisco,TX,Patio Covers,0,unranked,4.9,48
Compass Outdoor Design,hello@compassoutdoordesign.com,(214) 224-0461,https://www.compassoutdoordesign.com/,Irving,TX,Patio Covers,0,unranked,4.7,12
First Exterior Designs,firstexteriordesigns@gmail.com,(972) 256-3300,https://firstexteriordesigns.com/,Grand Prairie,TX,"Patio Covers, Motorized Shades",0,unranked,4.6,11
USA Choice Remodeling And Outdoor Living,usachoice@gmail.com,(972) 639-2794,http://www.usachoiceremodel.com/,McKinney,TX,"Patio Covers, Motorized Shades",0,unranked,4.6,35
Fredonia Outdoor Services,info@fredoniaoutdoorservices.com,(214) 482-4496,http://fredoniaoutdoorservices.com/,Rockwall,TX,Patio Covers,0,unranked,5.0,17
Tommy's Carports & Patio Covers,tommysa1remodeling@gmail.com,(817) 800-6548,http://tommysremodels.com/,Lucas,TX,Patio Covers,0,unranked,4.0,11
"Superior Concrete & Pavers, LLC",info@superiorconcreteandpavers.com,(214) 289-0865,https://superiorconcreteandpavers.com/,Celina,TX,Patio Covers,0,unranked,4.4,14
Pristine Roofing and Outdoor Services,joshua@pristineroofingandoutdoorservices.com,(214) 843-5366,https://pristineroofingandoutdoorservices.com/,Celina,TX,"Patio Covers, Motorized Shades",0,unranked,5.0,17
Cabana Theory,info@cabanatheory.com,(940) 222-3744,http://cabanatheory.com/,Denton,TX,"Patio Covers, Motorized Shades",0,unranked,5.0,8
McEntire Construction Services - Home Remodeling Denton,mcentireconstructionservices@gmail.com,(940) 514-2209,https://www.mcentireconstructionservicesllc.com/?utm_source=GMBlisting&utm_medium=organic,Denton,TX,Patio Covers,0,unranked,5.0,46
The Job Hog,accounting@thejobhog.com,(940) 255-4738,https://thejobhog.com/,Denton,TX,Patio Covers,0,unranked,5.0,51
Fence Replacement | EXTRAORDINARY FENCE & PATIOS,extraordinaryfence@gmail.com,(972) 357-0076,http://www.extraordinaryfence.net/,Lewisville,TX,"Patio Covers, Motorized Shades",0,unranked,5.0,38
AquaTerra Outdoors,info@aquaterraoutdoors.com,(214) 387-8333,http://www.aquaterraoutdoors.com/,Carrollton,TX,Patio Covers,0,unranked,4.1,28
ELITE PRO CONTRACTORS,javier@eliteprostx.com,(469) 396-6579,http://eliteprostx.com/,Little Elm,TX,"Patio Covers, Motorized Shades",0,unranked,5.0,1
CL Design And Construction Group,info@cldesignandconstructiongroup.com,(214) 517-4829,http://cldesignandconstructiongrouptexas.com/,Little Elm,TX,Patio Covers,0,unranked,4.8,24
Pitch and Gables,pitchngables@gmail.com,(817) 915-5792,http://www.pitchngables.com/,Highland Village,TX,"Patio Covers, Motorized Shades",0,unranked,4.8,23
"Coppell Pools, Patios and Outdoor Kitchens",swim@coppellpools.com,(214) 506-3483,http://www.coppellpools.com/,Coppell,TX,Patio Covers,0,unranked,4.5,2
Texan Concrete Specialist,texanconcretespecialist@gmail.com,(682) 970-5887,https://www.txconcretespecialist.com/,Euless,TX,Patio Covers,0,unranked,4.8,115
Go Green Remodeling,info@gogreenremod.com,(203) 592-1169,https://www.gogreenremod.com/contact,Watauga,TX,Patio Covers,0,unranked,4.3,12
REH Construction,rehconstructiondfw@gmail.com,(682) 990-4012,https://rehconstructiondfw.com/,Watauga,TX,Patio Covers,0,unranked,5.0,1
K & L Construction Solutions,kandlconstructionsolutions@gmail.com,(817) 996-9121,https://www.knlconstructionsolutions.com/,Burleson,TX,"Patio Covers, Motorized Shades",0,unranked,5.0,23
"Carrington Roofing & Construction, LLC",joel@carringtonconstructiondfw.com,(214) 770-7978,https://carringtonconstructiondfw.com/?utm_campaign=gmb,Cleburne,TX,"Patio Covers, Motorized Shades",0,unranked,4.4,33
"Lyness Construction, LP",info@lynessconstruction.com,(817) 558-0612,http://www.lynessconstruction.com/,Cleburne,TX,Patio Covers,0,unranked,4.3,8
"Stevan Buren Roofing, Windows, and Flooring",office@stevanburen.com,(817) 558-6997,https://www.stevanburen.com/,Cleburne,TX,"Patio Covers, Motorized Shades",0,unranked,4.9,243
"Dad & Son Concrete, LLC",contact@dadandsonconcrete.com,(469) 340-4473,http://dadandsonconcrete.com/,Cleburne,TX,Patio Covers,0,unranked,4.5,13
the pergola factory,thepergolafactory@yahoo.com,(214) 870-4116,https://thepergolafactory.com/,Midlothian,TX,Patio Covers,0,unranked,2.9,7
Centennial Contracting and Roofing,info@centennialroofing.com,(972) 223-1765,https://www.centennialroofing.com/,Midlothian,TX,"Patio Covers, Motorized Shades",0,unranked,4.9,183
Future Outdoors - Vinyl Fencing,sales@futureoutdoors.com,(972) 576-1600,https://www.future-outdoors.com/,Midlothian,TX,"Patio Covers, Motorized Shades",0,unranked,5.0,10
Austin Outdoor Living Group,noelalee@ausolg.com,(512) 258-2654,https://austinoutdoorliving.com/,Cedar Hill,TX,Patio Covers,0,unranked,4.8,48
Custom Coats Remodeling,castorenatony@yahoo.com,(469) 386-5869,https://customcoatsremodeling.com/,Duncanville,TX,Patio Covers,0,unranked,5.0,5
MedRoof.com,info@medroof.com,(469) 586-6475,http://www.medroof.com/,Lancaster,TX,Patio Covers,0,unranked,4.9,74
Acclaim Restorations,info@acclaimrestorations.com,(214) 775-0021,https://www.acclaimrestorations.com/,McKinney,TX,Patio Covers,0,unranked,4.7,15
The Gazebo & Pergola Factory,info@discountgazebos.com,(214) 603-9013,http://discountgazebos.com/,McKinney,TX,Patio Covers,0,unranked,4.5,4
Blue Fox Outdoor Living,info@bluefoxlawncare.com,(972) 835-6228,https://www.bluefoxoutdoorliving.com/,Richardson,TX,Patio Covers,0,unranked,4.6,35
TotalDesign360,emailtotaldesign69@gmail.com,(214) 430-1399,http://www.totaldesign360.com/,Rowlett,TX,Patio Covers,0,unranked,4.6,32
TX Fence & Deck,info@txfencedeck.com,(469) 450-4877,https://txfencedeck.com/,Wylie,TX,"Patio Covers, Motorized Shades",0,unranked,5.0,1
SW OUTDOOR SOLUTIONS,scwsheds@gmail.com,(940) 597-0908,http://swoutdoorsolutions.org/,Denton,TX,Patio Covers,0,unranked,5.0,1
Build a carport Douglass Specialties,info@douglasspecialties.com,(214) 914-0326,https://www.douglasspecialties.com/,Denton,TX,Patio Covers,0,unranked,,0
SentryPro,sentryprofence@gmail.com,(214) 457-1167,https://www.sentryprofence.com/,Little Elm,TX,"Patio Covers, Motorized Shades",0,unranked,4.6,56
Flores Fencing,floresfencing@hotmail.com,(972) 219-0915,https://www.floresfencingllc.com/,Corinth,TX,Patio Covers,0,unranked,4.8,42
Highland Lakes Outdoor Living,sales@highlandlakesoutdoor.com,(512) 944-5137,https://highlandlakesoutdoor.com/,Highland Village,TX,Patio Covers,0,unranked,4.9,15
Holmes Builders,info@holmesbuilders.com,(214) 488-5200,http://www.holmesbuilders.com/,Coppell,TX,Patio Covers,0,unranked,5.0,4
Nikola Design and Build,filler@godaddy.combookingsmy,(817) 422-3034,https://nikoladesignandbuild.com/,Saginaw,TX,Patio Covers,0,unranked,5.0,3
Swinger Gate Company Inc.,mgr@swingergateco.com,(817) 740-9449,http://swingergatecompany.com/,White Settlement,TX,Patio Covers,0,unranked,4.9,54
Freedom Remodeling,michaelh@remoddfw.com,(817) 403-1584,http://www.freedomremodelingdfw.com/,Benbrook,TX,Patio Covers,0,unranked,4.8,29
Tesoro at Chisholm Trail Ranch by Trophy Signature Homes,tesoro@trophysignaturehomes.com,(817) 589-7399,https://trophysignaturehomes.com/communities/dallas-ft-worth/fort-worth/tesoro-at-chisholm-trail-ranch,Crowley,TX,Patio Covers,0,unranked,4.0,4
Karis - Village Series - David Weekley Homes,jwarranty@dwhomes.com,(214) 442-0697,https://www.davidweekleyhomes.com/new-homes/tx/dallas-ft-worth/crowley/karis?utm_source=google&utm_medium=mybusiness&utm_campaign=DAL,Crowley,TX,Patio Covers,0,unranked,5.0,8
5P Roofing & Construction,webmaster@5proofing.com,(817) 964-2528,https://5proofing.com/,Cleburne,TX,Patio Covers,0,unranked,4.9,47
Godley Metal Buildings,info@godleymetalbuildings.com,(682) 366-0455,https://www.godleymetalbuildings.com/,Cleburne,TX,Patio Covers,0,unranked,5.0,3
Symone Custom Homes,info@symoneconstruction.com,(817) 271-0613,http://www.symoneconstruction.com/,Cedar Hill,TX,Patio Covers,0,unranked,4.3,4
All Seasons Decks and Gazebos,sales@allseasonsdeckandgazebos.com,(512) 487-8036,https://allseasonsdecksandgazebostx.hibuwebsites.com/,Cedar Hill,TX,Patio Covers,0,unranked,5.0,7
Lancaster County Backyard,sales@lancastercountybackyard.net,(267) 638-6983,http://lancastercountybackyard.net/?utm_source=google&utm_medium=organic&utm_campaign=GBP,Lancaster,TX,Patio Covers,0,unranked,5.0,177
Texas Best Construction,constructionoffice@texasbestbarndo.com,(469) 552-8205,https://texas-bestconstruction.com/home,Red Oak,TX,Patio Covers,0,unranked,4.1,49
Park Vista Roofing,john@parkvistaroofing.com,(682) 214-7533,https://www.parkvistaroofing.com/,Fort Worth,TX,Patio Covers,0,unranked,5.0,104
"Baker Roofing & Construction, Inc",info@baker-roofing.com,(855) 766-3777,https://baker-roofing.com/,Dallas,TX,Patio Covers,0,unranked,4.9,52
Shepherd Roofing & Renovations,hello@srrteam.com,(972) 244-3705,https://www.shepherdroofingrenovations.com/,Dallas,TX,Patio Covers,0,unranked,5.0,141
Nailed It Roofing and Construction,office@naileditroofer.com,(682) 323-6128,https://www.naileditroofer.com/,Arlington,TX,Patio Covers,0,unranked,4.9,233
T Rock Roofing & Contracting,info@dallasroofer.com,(469) 931-9867,https://www.dallasroofer.com/,Arlington,TX,Patio Covers,0,unranked,5.0,86
Divine Property Mgmt & Construction,divineroofing222@gmail.com,(361) 585-6379,https://divineroofingtexas.com/,Irving,TX,Patio Covers,0,unranked,,0
Morales Roofers,contactrm@moralesroofers.com,(469) 363-9649,https://www.moralesroofers.com/?utm_source=Google&utm_medium=Organic&utm_campaign=GMB&utm_id=Morales+Roofers,Irving,TX,Patio Covers,0,unranked,4.9,234
All American Siding,info@allamericanroof.net,(972) 254-2654,http://www.allamericanroof.net/,Irving,TX,Patio Covers,0,unranked,5.0,14
SK Elite Roofing Corporation,ksarfaraz@skeroofing.comlocation,(469) 694-5420,https://skeroofing.com/,Grand Prairie,TX,Patio Covers,0,unranked,5.0,70
First United Roofing & Construction LLC,info@firstunitedroofing.com,(817) 769-8660,https://www.firstunitedroofing.com/,Grand Prairie,TX,Patio Covers,0,unranked,5.0,91
PMR Roofing,info@pmrroofing.com,(469) 409-7663,http://pmrroofing.com/,Grand Prairie,TX,Patio Covers,0,unranked,4.8,76
"A and E Roofing & Remodel LLC, Grand Praire TX",info@aeroofremodel.com,(469) 371-9525,https://aeroofremodel.com/,Grand Prairie,TX,Patio Covers,0,unranked,5.0,4
Dalco Contractors & Roofing,brook@roofingdalco.com,(214) 632-7177,http://www.roofingdalco.com/,Grand Prairie,TX,Patio Covers,0,unranked,4.9,127
Remodel One,carlos@remodel1one.com,(972) 639-3231,http://remodeloneinc.com/,Grand Prairie,TX,Patio Covers,0,unranked,5.0,7
Major League Roofing,susanryan3221@gmail.com,(469) 708-7663,https://mlroof.com/,Frisco,TX,Patio Covers,0,unranked,4.9,153
Rooftop Rob,erik@rivasroofingtx.comphone,(903) 990-0140,https://rivasroofingtx.com/,McKinney,TX,Patio Covers,0,unranked,5.0,1
HighPoint Exteriors Roofing & Contracting,info@highpointexteriors.com,(469) 400-6980,https://highpointexteriors.com/,McKinney,TX,Patio Covers,0,unranked,4.8,46
"Zion Roofing & Renovations, LLC",info@zionrr.com,(214) 482-2191,http://www.zionrr.com/,McKinney,TX,Patio Covers,0,unranked,4.9,55
Kangaroo Contractors,sales@kangaroocontractors.com,(972) 974-5720,http://www.kangaroocontractors.com/?UTM_source=GMB_listing&UTM_medium=organic,McKinney,TX,"Patio Covers, Motorized Shades",0,unranked,4.9,211
McKinney Roofing and Construction,anitacrypto44@gmail.com,(972) 977-8210,https://www.mckinneyroofing.com/,McKinney,TX,Patio Covers,0,unranked,5.0,10
Summit Roof Service Inc,mark@summitroof.com,(972) 715-1655,https://summitroof.com/,Allen,TX,Patio Covers,0,unranked,4.9,103
Starr Roofing Services,starrexteriors@gmail.com,(469) 682-2100,https://starrexteriors.com/,Allen,TX,Patio Covers,0,unranked,4.9,37
Pristine Roofing & Outdoor Services,joshua@pristineroofingandoutdoorservices.com,(214) 843-5366,https://www.pristineroofingandoutdoorservices.com/,Allen,TX,Patio Covers,0,unranked,4.9,45
Storm Pros,info@storm-pros.com,(214) 227-2763,https://storm-pros.com/,Allen,TX,Patio Covers,0,unranked,5.0,44
Above Ground Roofing LLC,info@abovegroundroofing.com,(817) 690-7806,http://www.abovegroundroofing.com/,Allen,TX,Patio Covers,0,unranked,5.0,21
Texas Edge Roofing and General Contractors,info@texasedgeroofing.com,(800) 502-7663,https://texasedgeroofing.com/,Allen,TX,"Patio Covers, Motorized Shades",0,unranked,5.0,44
New View Roofing,info@newviewroofing.com,(469) 716-5816,https://newviewroofing.com/allen-tx-roofing-contractor/,Allen,TX,Patio Covers,0,unranked,5.0,89
Blue Angel Roofing and General Contractors,blueangel@blueangelroof.com,(214) 385-9262,https://blueangelroofinggc.com/,Allen,TX,Patio Covers,0,unranked,4.8,51
"Onyx Commercial Roofing, LLC",adib@onyxroofing.net,(214) 617-8989,http://onyxroofing.net/,Allen,TX,Patio Covers,0,unranked,5.0,22
"Pro Exteriors, LLC",filler@godaddy.combookingsmy,(469) 535-1708,http://www.proexteriorsus.com/,Richardson,TX,"Patio Covers, Motorized Shades",0,unranked,5.0,83
360 Innovations Roofing | Richardson TX Roofing Pros,360roofco@gmail.com,(214) 402-6943,https://www.mydfwroofing.com/,Richardson,TX,Patio Covers,0,unranked,4.7,59
Pillar Roofing,ronim@pillartx.com,(214) 293-3904,https://www.pillartx.com/,Richardson,TX,Patio Covers,0,unranked,4.7,40
Texas Roof Management INC,sales@texasroof.com,(972) 272-7663,http://www.texasroof.com/?utm_source=google&utm_medium=gmb&utm_campaign=local,Richardson,TX,Patio Covers,0,unranked,4.0,10
Rushing Roofing & Contracting LLC,rushingroofingllc@gmail.com,(469) 925-7076,http://rushingroofingllc.com/,Richardson,TX,Patio Covers,0,unranked,5.0,128
B&R General Contracting,service@brgeneralcontracting.com,(972) 836-8455,http://www.brgeneralcontracting.com/,Richardson,TX,Patio Covers,0,unranked,5.0,140
Lunaroofing and construction llc,lunaroofingdfw@yahoo.com,(903) 944-6509,http://www.lunaroofingandconstructionllc.com/?utm_source=google&utm_medium=wix_google_business_profile&utm_campaign=17629334135841526053,Garland,TX,Patio Covers,0,unranked,5.0,16
Roof Experts,info@roofexperts.com,(469) 936-7663,https://roofexperts.com/roofing-garland-tx/,Garland,TX,Patio Covers,0,unranked,4.5,92
Wilco Contractors,info@wilcogc.com,(972) 303-8882,https://wilcoroofing.com/,Garland,TX,Patio Covers,0,unranked,4.9,85
Inspiration Roofing & Construction LLC,info@inspirationroofing.com,(214) 799-4793,https://www.inspirationroofing.com/,Garland,TX,Patio Covers,0,unranked,5.0,120
Pro American Roofing,support@proamericanroofing.com,(945) 340-7256,https://proamericanroofingllc.com/,Garland,TX,Patio Covers,0,unranked,4.9,130
Firewheel Roofing,firewheelroof@gmail.com,(469) 387-3848,http://www.firewheelroofing.com/,Garland,TX,Patio Covers,0,unranked,4.9,136
R2 Roof Guys,r2roofguys@gmail.com,(214) 405-4396,https://www.r2roofguys.com/,Garland,TX,Patio Covers,0,unranked,5.0,61
Choice Roofing LLC,jim@choiceroof.com,(972) 977-8144,http://choiceroof.com/,Garland,TX,Patio Covers,0,unranked,5.0,23
Hass Roofing Since 1978 Corporation,info@hassroofing78.com,(214) 885-8707,https://hassroofing78.com/,Garland,TX,Patio Covers,0,unranked,4.9,36
E&D Premier Roofing & Solar LLC,info@edpremierroofing.com,(469) 363-0187,http://edpremierroofing.com/?utm_source=gmb&utm_medium=referral,Garland,TX,Patio Covers,0,unranked,4.9,152
Garland Roofing Co,garlandroofingcompany@gmail.com,(972) 278-1711,http://www.garlandroofing.com/,Garland,TX,Patio Covers,0,unranked,4.4,24
Mesquite Roofing & Construction,mesquiteroofingandconstruction@gmail.com,(972) 681-3183,https://mesquiteroofingandconstruction.com/?utm_source=omg-gbp&utm_medium=webclick,Mesquite,TX,"Patio Covers, Motorized Shades",0,unranked,4.9,96
Professional roofing systems,professionalroofsystems01@gmail.com,,https://professionalroofsystems.org/,Mesquite,TX,Patio Covers,0,unranked,5.0,4
Casas Contracting Services LLC,sonia@casascoservices.com,(469) 836-9764,http://www.casascoservices.com/,Mesquite,TX,"Patio Covers, Motorized Shades",0,unranked,5.0,37
Team Texas Construction LLC.,info@teamtexasconstruction.com,(214) 728-8725,https://www.teamtexasconstruction.com/,Mesquite,TX,Patio Covers,0,unranked,5.0,5
Bacon Roofing,johnbaconroofing@gmail.com,(972) 772-1999,https://baconroofing.com/?utm_campaign=gmb,Rowlett,TX,Patio Covers,0,unranked,4.9,125
Riddle Brothers Roofing & Construction,info@rbrc.net,(214) 884-8346,https://riddlebrothersroofing.com/,Rowlett,TX,Patio Covers,0,unranked,4.9,259
Capitol Roofing & Construction LLC,info@capitolrcllc.com,(972) 474-8955,https://www.capitolrcllc.com/,Rowlett,TX,Patio Covers,0,unranked,4.9,109
General Contractor,rochasprayfoam@outlook.com,(214) 664-1014,https://rooffoamrocha.com/,Rowlett,TX,Patio Covers,0,unranked,5.0,15
Infinity Roofing & Remodeling,info@roofsbyinfinity.com,(214) 952-1950,http://www.roofsbyinfinity.com/,Rowlett,TX,Patio Covers,0,unranked,5.0,30
TMP Roofing and Construction,mark@tmproofing-construction.com,(972) 408-8772,https://tmproofing-construction.com/,Rowlett,TX,Patio Covers,0,unranked,4.0,16
Roofs by Shiloh,info@roofsbyshiloh.com,(972) 789-5153,https://roofsbyshiloh.com/?utm_source=gbp&utm_medium=organic&utm_campaign=localseo&utm_content=websitelink,Rowlett,TX,Patio Covers,0,unranked,5.0,64
Tucker Roofing,tucker@tuckerroofingsystems.com,(972) 853-9318,https://www.tuckerroofingsystems.com/,Rowlett,TX,Patio Covers,0,unranked,5.0,160
Trake Roofing and Consruction,contact@mysite.com,(972) 922-2422,https://trakeconstruction.com/,Rockwall,TX,Patio Covers,0,unranked,4.9,68
Roofking Construction,drew@roofkingconstruction.com,(214) 543-2422,https://roofkingconstruction.com/,Rockwall,TX,Patio Covers,0,unranked,4.9,35
Gentle Contracting LLC,emailtyler@gentlecontracting.com,(903) 288-3119,https://gentlecontracting.com/,Rockwall,TX,Patio Covers,0,unranked,5.0,7
Phil The Roofer,vsjgqcencrzjttqguemailphiltheroofer@yahoo.comfacebookhttps,(214) 771-1946,http://philtheroofer.com/,Rockwall,TX,Patio Covers,0,unranked,5.0,205
Southern Style Construction,southernstyleconstructioninc@yahoo.com,(214) 701-4740,https://southernstyleconstruction.net/,Rockwall,TX,"Patio Covers, Motorized Shades",0,unranked,4.9,38
Dugout Roofing,info@dugoutroofing.com,(888) 998-5713,https://www.dugoutroofing.com/?utm_source=google&utm_medium=wix_google_business_profile&utm_campaign=8161236436607027112,Rockwall,TX,Patio Covers,0,unranked,5.0,18
Coxco Construction Group,marcus@coxconstructiongroup.com,(972) 750-0551,https://www.coxconstructiongroup.com/,Rockwall,TX,Patio Covers,0,unranked,4.9,16
JPR Construction Inc - Roofing Company,contact@jprconstructioninc.com,(972) 278-0668,https://jprconstructioninc.com/?utm_source=google&utm_medium=organic&utm_campaign=gmb-primary-link,Wylie,TX,Patio Covers,0,unranked,4.9,66
"Rhino Roofing and General Contracting, LLC",admin@rhinoroofingtx.com,(844) 387-4466,http://rhinoroofingtx.com/,Wylie,TX,"Patio Covers, Motorized Shades",0,unranked,4.8,63
Peace of Mind Roofing,peaceofmindroofing@hotmail.com,(214) 584-4805,https://peaceofmindroof.com/,Wylie,TX,Patio Covers,0,unranked,5.0,55
Pyramid Roofing,pyramidroofingdallas@gmail.com,(972) 272-3595,http://www.pyramidroofingdallas.com/,Wylie,TX,Patio Covers,0,unranked,4.8,10
VIP Services,blake@vipservices4u.com,(972) 839-9920,https://vipservices4u.com/,Wylie,TX,Patio Covers,0,unranked,4.8,163
Aegis Quality Services,larry@aegisqs.com,(214) 632-7282,https://aegisqs.com/,Murphy,TX,Patio Covers,0,unranked,5.0,5
Phillips Construction,9060heatherphillps34@yahoo.com,(214) 470-0385,https://www.phillipsconstructiontx.com/contact,Murphy,TX,Patio Covers,0,unranked,5.0,2
Up To Date Roofing & Construction,james@uptodateroofing.com,(214) 994-0446,http://uptodateroofing.com/,Sachse,TX,Patio Covers,0,unranked,4.8,31
"Masterpiece Roofing & Construction, LLC",shane@masterpieceroofingtx.com,(469) 774-2998,http://www.masterpieceroofingtx.com/,Sachse,TX,Patio Covers,0,unranked,5.0,23
All Hart LLC,allhartllc@gmail.com,(972) 339-2572,http://allhartroofing.com/,Sachse,TX,Patio Covers,0,unranked,5.0,49
"Suburban Roofing, Inc.",suburbanroof@aol.com,(972) 633-8411,http://www.suburbanroof.com/,Sachse,TX,Patio Covers,0,unranked,4.3,6
Dalrock Construction,info@dalrockconstruction.com,(214) 392-2846,http://dalrockconstruction.com/,Sachse,TX,Patio Covers,0,unranked,5.0,11
Bua's Next Level Roofing,tbua22@gmail.com,(214) 669-6181,http://buasroofing.com/,Lucas,TX,Patio Covers,0,unranked,5.0,45
J. Riley Roofing & Gutters,jason@rileyroofing.com,(940) 441-4544,https://www.rileyroofing.com/?utm_source=google&utm_medium=organic&utm_campaign=gmb-listing,Lucas,TX,Patio Covers,0,unranked,5.0,177
ARK Construction Group LLC,kc@arkcpro.com,(214) 843-8255,http://arkcpro.com/,Lucas,TX,Patio Covers,0,unranked,5.0,23
Unicorn Roofing & Exteriors,info@unicornexteriors.com,(214) 620-0105,https://unicornexteriors.com/,Prosper,TX,Patio Covers,0,unranked,5.0,24
Refined Roofing TX,service@refinedroofingtx.com,(469) 919-6925,https://www.refinedroofingtx.com/,Prosper,TX,Patio Covers,0,unranked,4.6,95
Thunderbird Construction LLC,info@t-birdconstruction.com,(972) 587-4999,http://www.t-birdconstruction.com/,Prosper,TX,Patio Covers,0,unranked,5.0,30
Texas Pride Roofing & Fencing,info@tx-pride.com,(469) 288-4488,https://txprideconstruction.com/,Prosper,TX,Patio Covers,0,unranked,4.8,138
99 Roofing LLC,jeff@99roofing.com,(214) 546-0423,http://www.99roofing.com/,Prosper,TX,Patio Covers,0,unranked,5.0,28
Blue Bee Construction,info@bluebeeconstruction.com,(214) 412-9572,https://bluebeeconstruction.com/,Prosper,TX,Patio Covers,0,unranked,5.0,23
Tomahawk Construction and Roofing,info@bjacobconstruction.com,(469) 345-7663,http://www.tomahawkroof.com/,Prosper,TX,Patio Covers,0,unranked,5.0,48
Green Legacy Roofing,chriscross@greenlegacyroofing.com,(214) 642-9068,http://greenlegacyroofing.com/,Celina,TX,Patio Covers,0,unranked,5.0,22
WM Contracting,filler@godaddy.combookingsmy,(940) 808-9077,http://www.wmcontracting.com/,Celina,TX,Patio Covers,0,unranked,4.9,185
Vantage General Contractors LLC-Best roofing company in Denton and Remodeling contractor Denton,info@vantagegc.com,(469) 536-2040,https://vantageroofings.com/,Denton,TX,Patio Covers,0,unranked,5.0,14
"Show Rock Texas, LLC.",showrocktexas@gmail.com,(940) 594-0450,http://www.showrocktexas.com/,Denton,TX,"Patio Covers, Motorized Shades",0,unranked,5.0,257
Lawrenz Contracting LLC,russ@russroofing.com,(940) 395-9413,https://russroofing.com/,Denton,TX,Patio Covers,0,unranked,5.0,283
Four G Roofing & Foundations,info@fourgroofing.com,(817) 403-2940,https://www.fourgroofing.com/,Denton,TX,Patio Covers,0,unranked,5.0,2
AMG Roofing & Construction,filler@godaddy.combookingsmy,(214) 448-2008,https://amgroofing.com/,Denton,TX,Patio Covers,0,unranked,5.0,10
First Out Roofing,info@firstoutroofing.com,(940) 227-4411,http://firstoutroofing.com/?utm_source=gmb&utm_medium=organic&utm_campaign=Maps,Denton,TX,Patio Covers,0,unranked,4.9,222
Texas Roof Group LLC,grant@thetexasroofgroup.com,(469) 904-1999,https://www.thetexasroofgroup.com/,Denton,TX,Patio Covers,0,unranked,4.5,15
Bauer Roofing & Construction,roofing@bauercontracting.com,(940) 279-4400,https://www.bauercontracting.com/,Denton,TX,Patio Covers,0,unranked,4.8,50
Stand Up Roofing & Construction LLC,getcovered@standuproofs.com,(940) 290-7663,http://www.standuproofing.com/,Lewisville,TX,Patio Covers,0,unranked,5.0,81
"Heaven Sent Contractors, LLC",info@heavensentcontractors.com,(940) 735-2882,https://heavensentcontractors.com/,Lewisville,TX,Patio Covers,0,unranked,5.0,19
Lone Wolf Exteriors,support@lwexteriors.com,(855) 200-9653,https://www.lwexteriors.com/,Lewisville,TX,Patio Covers,0,unranked,5.0,160
Texas Bro's General Contractor,info@texasbroscontractor.com,(214) 770-4549,https://www.texasbroscontractor.com/,Lewisville,TX,Patio Covers,0,unranked,5.0,5
Greenco Construction Services,contact@greencoservices.com,(469) 409-2962,https://www.greencoservices.com/,Lewisville,TX,Patio Covers,0,unranked,5.0,35
Calidad Enterprises,info@calidadent.com,(817) 904-8545,https://calidadent.com/,Lewisville,TX,Patio Covers,0,unranked,4.9,56
"Sage Roofing and Construction, LLC",admin@sageroofingllc.com,(972) 420-6500,https://sageroofingllc.com/,Lewisville,TX,Patio Covers,0,unranked,4.8,227
First Choice Roofing and Construction | First Choice Roofing & Construction LLC,contactadmin@firstchoicerac.com,(940) 281-5961,https://firstchoicerac.com/,Lewisville,TX,Patio Covers,0,unranked,5.0,53
T Rock Roofing & Contracting,info@dallasroofer.com,(945) 425-3643,http://dallasroofer.com/,Flower Mound,TX,Patio Covers,0,unranked,5.0,626
Space Roofing,info@spaceroofing.com,(469) 397-4600,https://spaceroofing.com/,Flower Mound,TX,Patio Covers,0,unranked,5.0,41
Discount Roofing,info@discountroofingllc.com,(214) 500-8787,https://www.discountroofingllc.com/,Flower Mound,TX,Patio Covers,0,unranked,4.9,94
Lancaster Roofing & Construction,info@lancasterroofingtx.com,(214) 247-6388,https://www.lancasterroofingtx.com/,Flower Mound,TX,Patio Covers,0,unranked,5.0,22
HomeOver General Contractors,info@homeovercontractors.com,(972) 836-9895,https://www.homeovercontractors.com/,Carrollton,TX,Patio Covers,0,unranked,4.8,205
JCI Roofing Company,contact@jciroofing.com,(972) 245-4025,https://www.jciroofing.com/,Carrollton,TX,Patio Covers,0,unranked,4.8,33
RX Roof LLC,info@rxroof.com,(972) 512-0833,http://rxroof.com/,Carrollton,TX,Patio Covers,0,unranked,4.7,224
Hawkins Siding and Exteriors,office@hawkinssidingandexteriors.com,(972) 945-6718,https://www.hawkinssidingandexteriors.com/?utm_medium=organic&utm_source=google&utm_campaign=gbp,Carrollton,TX,"Patio Covers, Motorized Shades",0,unranked,5.0,99
Optic Home Solutions,randall.opticsolutions@gmail.com,(469) 216-2183,http://www.optichomesolutions.com/,The Colony,TX,Patio Covers,0,unranked,5.0,80
New View Roofing,info@newviewroofing.com,(469) 772-8729,https://newviewroofing.com/the-colony/,The Colony,TX,Patio Covers,0,unranked,4.9,14
3G Roofing & Construction,info@3g-roofing.com,(817) 939-8524,http://www.3g-roofing.com/,The Colony,TX,Patio Covers,0,unranked,5.0,12
Building One Services Solutions,soonjosegonzalez1500@yahoo.com,(469) 600-6003,https://building1ss.com/contact-us.php,The Colony,TX,Patio Covers,0,unranked,5.0,31
Radnov Roofing & Construction,filler@godaddy.combookingsmy,(469) 384-8886,https://radnovroofing.com/,The Colony,TX,Patio Covers,0,unranked,5.0,1
Crystal Roofing & Construction,contact@crystalroofingusa.com,(214) 471-3273,http://crystalroofingusa.com/,The Colony,TX,Patio Covers,0,unranked,4.8,72
Dynamis Roofing Contractors,info@dynamisroofing.com,(469) 929-0145,https://dynamisroofing.com/,The Colony,TX,Patio Covers,0,unranked,5.0,20
DD Custom Contractors,ddavis.ddccontractors@gmail.com,(469) 644-6351,https://www.ddcustomcontractors.com/,Little Elm,TX,Patio Covers,0,unranked,5.0,4
Roof Works of Texas,info@rwcrllc.com,(972) 988-9376,http://rwcrllc.com/roofing,Little Elm,TX,Patio Covers,0,unranked,5.0,1
New Texas Roofing,filler@godaddy.combookingsmy,(469) 587-7663,http://newtxroofing.com/,Little Elm,TX,Patio Covers,0,unranked,3.9,14
Infinity Roofing Solutions,infinityconstructiontx@gmail.com,(972) 365-3693,https://infinityroofingsolutions.com/,Corinth,TX,Patio Covers,0,unranked,4.8,64
Mac's Roofing Contractor & Repairs,kyle@macsroofingllc.com,(940) 289-6019,https://macsroofingllc.com/?utm_source=GMBlisting&utm_medium=organic,Corinth,TX,Patio Covers,0,unranked,5.0,21
Texcity Roofing LLC,info@texcityroofing.com,(214) 430-2270,http://www.texcityroofing.com/,Corinth,TX,Patio Covers,0,unranked,5.0,230
Highland Roofing Co.,info@highlandroofing.co,(877) 766-3852,http://www.highlandroofing.co/,Highland Village,TX,Patio Covers,0,unranked,5.0,104
"Better Built Siding & Windows, LLC",info@betterbuiltcompanies.com,(972) 245-0193,http://www.betterbuiltsidingandwindows.com/,Coppell,TX,"Patio Covers, Motorized Shades",0,unranked,4.6,19
CLC Roofing Inc.,info@clcroofing.com,(972) 304-4431,https://www.clcroofing.com/?utm_source=GMB&utm_medium=organic&utm_campaign=website,Coppell,TX,Patio Covers,0,unranked,4.9,507
Apex Premier Roofing & General Contracting,info@apexpremierroofing.com,(817) 410-0937,https://www.apexpremierroofing.com/,Coppell,TX,Patio Covers,0,unranked,4.9,197
Executive Exteriors,info@exeext.com,(844) 388-7663,http://www.exeext.com/,Addison,TX,"Patio Covers, Motorized Shades",0,unranked,4.9,119
Stonebridge Roofing,dleite@sbroofingusa.com,(469) 882-6697,http://www.sbroofingusa.com/,Addison,TX,Patio Covers,0,unranked,4.9,68
Blue Hawk Construction,info@bluehawkconstruction.com,(940) 514-5410,http://www.bluehawkconstruction.com/,Addison,TX,Patio Covers,0,unranked,5.0,25
Gutter Solutions Of Texas,info@guttersolutionsoftexas.com,(972) 707-7939,https://guttersolutionsoftexas.com/,Addison,TX,Patio Covers,0,unranked,5.0,9
KDS Builders Roofing & Construction,adam@kdsbuilders.com,(214) 683-1165,http://www.kdscontractors.com/,Addison,TX,Patio Covers,0,unranked,4.8,33
RJW Construction,filler@godaddy.combookingsmy,(214) 494-0351,https://rjw-construction.com/,Addison,TX,Patio Covers,0,unranked,4.8,21
Allied Siding & Windows,info@alliedsidingandwindows.comaustin,(972) 888-9988,https://www.alliedsidingandwindows.com/,Grapevine,TX,"Patio Covers, Motorized Shades",0,unranked,4.4,169
Phoenix Storm Restoration,office@phoenixstormgroup.com,(945) 308-0425,http://www.phoenixstormgroup.com/,Grapevine,TX,Patio Covers,0,unranked,5.0,25
"HAPP Construction & Remodeling, LLC",hassan@happconstructionremodeling.com,(214) 701-3780,http://www.happconstructionremodeling.com/,Grapevine,TX,Patio Covers,0,unranked,5.0,26
Lifetime Commercial Roofing,info@roofgc.com,(817) 369-3600,http://www.roofgc.com/,Hurst,TX,Patio Covers,0,unranked,4.9,100
TM Roofing & Construction Group,servicessalas@gmail.com,(817) 820-9596,https://www.asktmroofing.com/,Hurst,TX,Patio Covers,0,unranked,5.0,35
Straight Up Roofing and Construction TX,mike@straightuproofingtx.com,(817) 776-6230,https://straightuproofingtx.com/,Hurst,TX,Patio Covers,0,unranked,5.0,18
"Jamco Roofing & Exteriors, LLC",info@jamcoroofing.com,(214) 932-1287,https://www.jamcoroofing.com/,Euless,TX,Patio Covers,0,unranked,4.9,29
Spangler Renovations Llc,info@spanglerrenovations.com,(940) 354-3003,http://www.spanglerrenovations.com/,Euless,TX,Patio Covers,0,unranked,4.9,52
Verified Roofing LLC,office@verified-roofing.com,(817) 715-6750,https://www.verified-roofing.com/,Bedford,TX,Patio Covers,0,unranked,4.6,10
Bazan Roofing,bri@bazanroofinginc.comget,(817) 831-4253,http://www.bazanroofinginc.com/,Haltom City,TX,Patio Covers,0,unranked,4.9,32
SONS ROOFING,hello@sonsroofs.com,(817) 231-0171,https://sonsroofs.com/,Haltom City,TX,Patio Covers,0,unranked,4.7,62
ARK Roofing and Construction LLC,webmaster@arkroofingandconstruction.com,(817) 902-5259,http://arkroofingandconstruction.com/,Saginaw,TX,Patio Covers,0,unranked,4.8,37
5 Star Texas Roofing,filler@godaddy.comhomeabout,(817) 771-1445,https://www.5startexasroofing.com/,Saginaw,TX,Patio Covers,0,unranked,5.0,27
Alpine Roofing,info@alpineroofingandsolar.com,(682) 257-4631,https://alpineroofingandsolar.com/,Saginaw,TX,Patio Covers,0,unranked,4.7,45
Vision Roofing & General Contractors,info@visionroofing.com,(817) 734-1122,https://visionroofing.com/,Saginaw,TX,Patio Covers,0,unranked,5.0,204
"Blue Lake Roofing & Remodeling, LLC",office@bluelakeremodeling.com,(817) 476-3214,https://www.bluelakeremodeling.com/,Lake Worth,TX,Patio Covers,0,unranked,5.0,68
Total Roofing Systems LLC,info@totalroofingsystems.com,,https://www.totalroofingsystems.com/,Lake Worth,TX,Patio Covers,0,unranked,5.0,137
Chandler Roofing,amanda@chandlerroofs.com,(800) 692-8851,http://www.chandlerroof.com/,Lake Worth,TX,Patio Covers,0,unranked,4.9,167
Nexgen Roofing Systems,@nexgenroofingsystems,(817) 808-8026,http://www.nexgenroofingsystems.net/,Lake Worth,TX,Patio Covers,0,unranked,4.9,53
"Graham Construction and Roofing, LLC",info@grahamcr.com,(682) 503-6736,https://www.grahamcr.com/,White Settlement,TX,Patio Covers,0,unranked,4.9,59
Broadstone Roofing and Construction,info@broadstoneroofing.com,(817) 653-1350,https://broadstoneroofing.com/,White Settlement,TX,Patio Covers,0,unranked,5.0,78
Billy Harris Roofing,infobillyharris@gmail.com,(817) 249-3338,https://billyharris-roofing.com/,Benbrook,TX,Patio Covers,0,unranked,4.8,207
AKS Roofing & Construction,sales@aksroofing.com,(817) 501-9715,https://aksroofing.com/,Benbrook,TX,Patio Covers,0,unranked,5.0,62
Tomco Roofing,quote@tomcoroofing.com,(817) 808-4561,http://www.tomcoroofing.com/,Benbrook,TX,Patio Covers,0,unranked,5.0,12
GreenLight Roofing and Remodeling,matt@greenlightroof.com,(817) 263-6088,https://greenlightroof.com/roofing-aledo/,Benbrook,TX,Patio Covers,0,unranked,5.0,107
Gold's Roofing & Restoration,cole@goldsroofing.com,(817) 992-0871,https://goldsroofing.com/,Benbrook,TX,Patio Covers,0,unranked,4.2,15
Water-Tite Roofing & Construction,watertitedfw@yahoo.com,(817) 561-5111,http://watertiteroof.com/,Benbrook,TX,Patio Covers,0,unranked,4.5,22
Integrity Foundation Repair,ifrdfw@gmail.com,(817) 561-6500,https://ifrdfw.com/,Benbrook,TX,Patio Covers,0,unranked,4.6,401
"Texas Best Roofing Solutions, LLC",info@texasbestroofingsolutions.com,(817) 919-4310,http://www.texasbestroofingsolutions.com/,Crowley,TX,Patio Covers,0,unranked,4.9,65
Arrowhead Roofing & Construction,jcampbell@arrowheadrac.com,(682) 230-5428,http://arrowheadrac.com/,Crowley,TX,Patio Covers,0,unranked,5.0,52
"Craven Roofing & Construction, Inc.",info@cravenroofing.com,(888) 611-5522,https://www.cravenroofing.com/,Crowley,TX,Patio Covers,0,unranked,4.9,91
New Image Roofing Solar & Construction,kay@newimagesrc.com,(817) 806-7746,http://newimagesrc.com/,Crowley,TX,Patio Covers,0,unranked,5.0,28
GNU Construction,admin@gnuconstruction.com,(682) 224-2097,https://gnuconstruction.com/,Crowley,TX,Patio Covers,0,unranked,5.0,93
Brainiac Construction,michael@brainiacco.comcall,(817) 360-9792,https://www.brainiacco.com/,Crowley,TX,Patio Covers,0,unranked,5.0,49
JIREH ROOFING,info@jirehroofing.com,(817) 779-1658,https://www.jirehroof.com/,Mansfield,TX,Patio Covers,0,unranked,5.0,80
Panchos Roofing LLC,panchosroofing35@gmail.com,(214) 802-7665,http://www.panchosroofingllc.com/,Mansfield,TX,Patio Covers,0,unranked,5.0,3
Steep Roofing and Construction,patrick@steeproofing.com,(972) 863-1126,http://www.steeproofing.com/,Mansfield,TX,Patio Covers,0,unranked,4.9,57
Magic Roofing & Construction Corp,magicroofingcorp@gmail.com,(682) 272-0230,http://magicroof.net/,Mansfield,TX,Patio Covers,0,unranked,5.0,42
Toucan Contracting,office@toucanroofing.net,(817) 566-2964,http://www.toucancontracting.com/,Mansfield,TX,"Patio Covers, Motorized Shades",0,unranked,4.3,34
KB Family Roofing & Construction,sales@kbfamilyroofing.com,(817) 405-0029,https://kbfamilyroofing.com/,Mansfield,TX,Patio Covers,0,unranked,4.1,14
Lone Star Roofing and Contracting,lsroftx@hotmail.com,(817) 295-7827,https://www.lonestarcontractingtx.com/contact,Burleson,TX,Patio Covers,0,unranked,4.9,122
Queen Bee Roofing & General Contracting LLC,shendrix@queenbeeroofing.com,(817) 518-4100,https://www.queenbeeroofing.com/,Burleson,TX,Patio Covers,0,unranked,4.9,31
Most High Roofing,info@mosthighroofing.com,(817) 528-3433,https://www.mosthighroofing.com/,Burleson,TX,Patio Covers,0,unranked,5.0,18
Hunt Roofing and Contracting,info@huntroofing.net,(817) 202-5433,http://huntroofing.net/,Cleburne,TX,"Patio Covers, Motorized Shades",0,unranked,5.0,24
Smitty's Roofing & Construction,info@smittysgc.com,(817) 778-8731,https://smittysroofing.com/,Cleburne,TX,"Patio Covers, Motorized Shades",0,unranked,5.0,30
ER Roofing & Solar,sales@erroofing.net,(817) 330-9121,https://erroofingsolar.com/?utm_source=omg-gbp&utm_medium=webclick,Cleburne,TX,Patio Covers,0,unranked,5.0,30
Evoke Roofing & General Contracting,info@evokeroofing.com,(817) 823-7104,http://www.evokeroofing.com/,Cleburne,TX,Patio Covers,0,unranked,4.9,30
Danny Bogart Roofing & Construction,kim@dannybogartroofing.com,(817) 558-4338,http://www.dannybogartroofing.com/,Cleburne,TX,Patio Covers,0,unranked,4.8,96
Four Generations Roofing LLC,info@4generationsroofing.com,(817) 984-7663,http://www.4generationsroofing.com/,Cleburne,TX,Patio Covers,0,unranked,5.0,9
Titan Contractors,info@therooftitan.com,(817) 473-7663,https://therooftitan.com/,Midlothian,TX,Patio Covers,0,unranked,4.7,85
GLC Roofing,info@glcroofing.com,(214) 354-3056,http://glcroofing.com/,Midlothian,TX,Patio Covers,0,unranked,4.8,114
Vera Roofing And Construction,manuel@veraroofingandconstruction.com,(972) 460-0210,https://www.veraroofingandconstruction.com/,Waxahachie,TX,"Patio Covers, Motorized Shades",0,unranked,4.9,216
Elevation Roofing,info@elevationroofrepair.com,(214) 949-0562,http://www.elevationroofrepair.com/,Waxahachie,TX,Patio Covers,0,unranked,4.9,49
MOC roofing & Construction,brett.moc@outlook.com,(972) 275-9365,http://mocroofing.com/,Waxahachie,TX,Patio Covers,0,unranked,4.9,98
FBM Roofing & Solar,info@fbmco.net,(469) 240-9492,https://fbmroofing.com/roofers-in-waxahachie-tx/?utm_source=GMB&utm_medium=organic,Waxahachie,TX,Patio Covers,0,unranked,5.0,84
Optimal Development & Restoration,ent1@gmail.com,(469) 383-9503,https://www.youroptimaldevelopment.com/,Waxahachie,TX,Patio Covers,0,unranked,5.0,23
"Gold Key Roofing, LLC",goldkeyroofingllc20@gmail.com,(972) 268-3700,https://goldkeyroofs.com/,Waxahachie,TX,Patio Covers,0,unranked,5.0,25
"AR Roofing & Remodeling, LLC",arroofing.cs@gmail.com,(469) 330-7663,http://ar-roofing.net/,Cedar Hill,TX,Patio Covers,0,unranked,5.0,8
4 U Roofing and Construction,damasio@4uroofing.us,(469) 620-0010,https://www.4uroofing.us/,Cedar Hill,TX,"Patio Covers, Motorized Shades",0,unranked,5.0,65
Texan Roofing and Exteriors,info@texan-roofing.com,(469) 722-1586,https://www.texan-roofing.com/,DeSoto,TX,Patio Covers,0,unranked,4.8,18
Roofhaven Roofing & Construction,info@roofhavenconstruction.com,(469) 256-0755,https://roofhavenconstruction.com/,DeSoto,TX,Patio Covers,0,unranked,5.0,2
Hester Roofing & Gutters Inc,nanettestracener@gmail.com,(972) 223-3018,https://www.hester-roofing.com/,DeSoto,TX,Patio Covers,0,unranked,4.3,6
JM Builders & Roofing,info@jmbuildersandroofing.com,(469) 269-5325,http://www.jmbuildersandroofing.com/,DeSoto,TX,Patio Covers,0,unranked,5.0,26
MOMENTOUS Construction Group (Roofing For HOPE LLC),admin@momentousconstructiongroup.com,(214) 758-0511,http://momentousconstructiongroup.com/,DeSoto,TX,Patio Covers,0,unranked,4.9,146
EDP Roofing,tony@edproofing.com,(972) 274-5277,https://edproofing.com/,DeSoto,TX,Patio Covers,0,unranked,4.8,18
Guardian Exteriors Inc,info@guardianexteriors.com,(214) 819-9800,http://www.guardianexteriors.com/,Duncanville,TX,"Patio Covers, Motorized Shades",0,unranked,4.8,28
Deeâ€™s Shield Roofing LLC,deesshieldroofing@gmail.com,(469) 279-7439,http://www.dees-shield-roofing.com/,Duncanville,TX,Patio Covers,0,unranked,5.0,11
"USA Roofing, Inc.",contact@usaroofing.com,(972) 263-2938,https://usaroofing.com/,Lancaster,TX,Patio Covers,0,unranked,5.0,27
4 U Roofing and Construction,damasio@4uroofing.us,(469) 620-0010,https://www.4uroofing.us/contact,Lancaster,TX,Patio Covers,0,unranked,5.0,36
Guaranteed Roofing Solutions,guaranteedrs@outlook.com,(972) 534-3109,http://www.guaranteedroofingsolutions.com/,Red Oak,TX,Patio Covers,0,unranked,,0
"Fisher Roofing, LLC",fisherroofing@gmail.com,(972) 617-0816,http://www.fisherroofing.com/,Red Oak,TX,Patio Covers,0,unranked,5.0,1
