business_name,email,phone,website,city,state,trust_score,tier,google_rating,google_review_count
Patio Enclosures Sunrooms,customercare@patioenclosures.com,(214) 600-7236,https://www.patioenclosures.com/,Dallas,TX,78,unranked,4.8,649
Puryear Custom Pools,sales@puryearpools.com,(817) 306-5169,http://www.puryearpools.com/,Fort Worth,TX,55,unranked,4.5,387
Pulliam Pools,hello@pulliam.com,(817) 346-4778,https://www.pulliam.com/?utm_source=google&utm_medium=organic&utm_campaign=Google+Business+Profile,Fort Worth,TX,48,unranked,4.6,473
Pool Quest,info@pool-quest.com,(817) 590-8108,http://www.pool-quest.com/,Fort Worth,TX,40,unranked,4.4,78
Lone Star Patio North Texas,info@clinovators.com,(817) 518-0978,https://lonestarpationorthtexas.com/,Fort Worth,TX,38,unranked,5.0,14
"Texas Traditions Outdoors - Pool and Patio, Fencing, Outdoor Living",info@dfwpoolandpatio.com,(469) 293-3656,https://www.dfwpoolandpatio.com/,Dallas,TX,35,unranked,4.8,70
Red River Pool Safety Fences,hines75@hotmail.com,(214) 505-5054,http://www.redriverfence.com/,Dallas,TX,35,unranked,5.0,320
"Southwest Enclosure Systems, Inc",contact@southwestenclosures.com,(972) 242-8062,http://www.southwestenclosures.com/,Fort Worth,TX,31,unranked,5.0,1
Emerald Custom Pools,info@emeraldcustompools.com,(817) 800-0786,https://emeraldcustompools.com/,Fort Worth,TX,0,unranked,4.5,132
Hillman Outdoor Living,info@hillmanoutdoorliving.com,(817) 932-7416,https://www.hillmanoutdoorliving.com/,Fort Worth,TX,0,unranked,4.5,41
Paradise Screens - Pool and Patio Enclosures,paradisescreenstexas@gmail.com,(682) 294-0294,https://paradisescreenstexas.com/,Fort Worth,TX,0,unranked,5.0,69
Selah Pools,hello@selah.vip,(817) 618-5731,https://www.selahpools.com/,Fort Worth,TX,0,unranked,4.8,152
Reformed Outdoor Structures LLC,info@reformedoutdoorstructures.com,(469) 620-0616,https://www.reformedoutdoorstructures.com/,Dallas,TX,0,unranked,4.9,98
SunRoom Season,info@sunroomseason.com,(469) 497-7171,https://sunroomseason.com/,Dallas,TX,0,unranked,5.0,42
TCP Custom Outdoor Living,hello@tcpdfw.com,(972) 915-2727,https://www.tcpdfw.com/,Dallas,TX,0,unranked,4.6,126
Texas Outdoor Oasis,office@texasoutdooroasis.com,(972) 771-1977,https://www.texasoutdooroasis.com/,Dallas,TX,0,unranked,4.9,293
Suncoast Enclosures,info@suncoastenclosures.com,(817) 905-5344,https://suncoastenclosures.com/?utm_source=GMB&utm_medium=OR&utm_campaign=SEO,Dallas,TX,0,unranked,5.0,31
Double T Screened Patios,info@doubletpatios.com,(469) 402-4647,https://doubletpatios.com/?utm_source=gmblisting&utm_medium=organic,Dallas,TX,0,unranked,4.8,118
Sunstone Pools & Outdoor Living,admin@sunstonepools.com,(817) 938-9218,https://sunstonepools.com/,Southlake,TX,0,unranked,4.6,86
Platinum Pools And Outdoor Living,platinumbuildingconcepts@gmail.comp,(817) 721-2452,https://www.platinumpoolsofdfw.com/,Southlake,TX,0,unranked,5.0,22
Claffey Pools,info@claffeypools.com,(817) 488-5795,https://www.claffeypools.com/?utm_source=google&utm_medium=organic&utm_campaign=GBP,Southlake,TX,0,unranked,4.9,704
Southlake Pools,sales@southlakepools.com,(972) 890-8022,https://southlakepools.com/,Southlake,TX,0,unranked,4.8,163
Custom Concept Pools,info@customconceptpools.com,(817) 714-0320,http://customconceptpools.com/,Southlake,TX,0,unranked,5.0,1
DFW Custom Pool,info@dfwcustompool.com,(972) 943-4831,https://dfwcustompool.com/?utm_source=GMB&utm_medium=Maps&utm_campaign=GMB%20Maps,Southlake,TX,0,unranked,4.2,26
Bimini Blue Custom Pools,biminibluepools@gmail.com,(817) 917-4589,https://www.biminibluecustompools.com/,Southlake,TX,0,unranked,4.9,38
American Solar Screens,americansolarscreens@yahoo.com,(817) 605-8881,https://americansolarscreens.com/,Southlake,TX,0,unranked,4.6,26
Venue Pools,admin@venuepools.com,(817) 983-7665,https://www.venuepools.com/,Colleyville,TX,0,unranked,4.9,75
"Mid City Custom Pools Inc., & Outdoor Living",sales@midcitypools.com,(817) 835-9141,http://www.midcitypools.com/,Colleyville,TX,0,unranked,3.9,42
DFW Custom Pool,info@dfwcustompool.com,(972) 943-4831,https://dfwcustompool.com/,Colleyville,TX,0,unranked,4.4,31
Cox Pool Company,coxpoolcompany@gmail.com,(817) 798-0677,http://coxpoolcompany.com/,Colleyville,TX,0,unranked,4.9,32
Klapprodt Pools,sales@klapprodtpools.com,(817) 431-2033,http://www.klapprodtpools.com/,Keller,TX,0,unranked,4.3,150
Diamond Pools Inc,office@diamondpoolstexas.com,(817) 304-7946,http://diamondpoolstexas.com/,Keller,TX,0,unranked,3.8,26
Hernandez Pool Plaster & Remodeling,tonyhernandezj86@gmail.com,(817) 210-5194,http://hernandezpoolplaster.com/,Grapevine,TX,0,unranked,4.8,16
Tru Blu Pool Renovations,mnmp7@hotmail.com,(817) 261-7665,http://www.trublupoolrenovations.com/,Grapevine,TX,0,unranked,4.3,48
Sky Blue Pools Inc,custserv@skybluepoolservice.com,(817) 427-8169,http://skybluepoolservice.com/,North Richland Hills,TX,0,unranked,3.7,70
Borden Pools,info@bordenpools.com,(817) 439-8667,http://www.bordenpools.com/,North Richland Hills,TX,0,unranked,4.3,83
"H&H Tile & Coping, Inc.",hhtilecoping@aol.com,(817) 379-0443,https://www.hhpools.net/,North Richland Hills,TX,0,unranked,5.0,12
Accent Pools Inc,info@accentpools.com,(817) 226-7665,http://accentpools.com/,Arlington,TX,0,unranked,4.4,62
DeckMasters,info@deckandpatiocovers.com,(817) 461-9661,http://deckandpatiocovers.com/?utm_source=Google&utm_medium=Organic&utm_campaign=Ad+Pages,Arlington,TX,0,unranked,4.4,65
Direct Pools Texas,info@directpoolstx.com,(817) 723-0676,https://directpoolstx.com/,Arlington,TX,0,unranked,4.9,31
HomeStop Inc.,info@homestop.us,(214) 429-4629,https://www.homestop.us/?utm_source=organic&utm_medium=gmb&utm_campaign=HomeStop,Arlington,TX,0,unranked,4.3,33
Southland Pools & Screens LLC,contact@southlandpoolsandscreens.com,(281) 317-6651,https://southlandpoolsandscreens.com/contact/,Arlington,TX,0,unranked,5.0,108
Morton Pool Solutions / Renovations,mortonpoolsolutions@gmail.com,(469) 571-9608,https://mortonpoolsolutions.com/,Plano,TX,0,unranked,5.0,93
Living Water Custom Pools,info@livingwatercustompools.com,(469) 662-3600,http://livingwatercustompools.com/,Plano,TX,0,unranked,4.8,46
Riverbend Sandler Pools,info@riverbendsandler.com,(972) 596-7393,https://www.riverbendsandler.com/?utm_source=google&utm_medium=organic&utm_campaign=GBP,Plano,TX,0,unranked,4.6,964
Texas Backyard Living,info@structure.com,(972) 881-4244,https://texasbackyardliving.com/,Plano,TX,0,unranked,4.8,393
MCM Outdoor Living,info@mcm-tx.com,(469) 583-6213,https://www.mckinleyconstructionmanagement.com/?local=true,Plano,TX,0,unranked,4.8,129
Eaton Custom Pools,clint@eatoncustompools.com,(469) 810-6859,http://www.eatoncustompools.com/,Plano,TX,0,unranked,4.4,13
Exclusive Pool and Patio,sales@exclusivepools.net,(469) 659-1200,http://www.exclusivepools.net/,Frisco,TX,0,unranked,4.7,41
Prestige Pool and Patio,info@prestigepp.com,(469) 644-7665,https://www.prestigepp.com/,Frisco,TX,0,unranked,4.5,457
Elite Outdoor Living,info@eliteol.com,(469) 742-3802,https://eliteol.com/,Frisco,TX,0,unranked,4.9,65
"Platinum Outdoor Environments - Fences, Patios & Decks",cody@platinumfenceco.com,(940) 465-1915,https://www.platinumoutdoorenv.com/,Frisco,TX,0,unranked,4.1,24
G3 Pools,info@g3pools.com,(469) 927-6333,https://www.g3pools.com/,Frisco,TX,0,unranked,4.7,64
Terrace Outdoor Design,info@terraceoutdoordesign.com,(972) 521-3998,https://www.terraceoutdoordesign.com/,Frisco,TX,0,unranked,4.8,26
Expertpools LLC,expertpools@yahoo.com,(972) 370-7665,http://expertpoolsllc.com/,Frisco,TX,0,unranked,4.8,434
Southwest Shade Solutions,info@southwestshade.com,(817) 424-1299,http://www.southwestshadesolutions.com/,Fort Worth,TX,0,unranked,4.7,20
WaterTex Pools,info@watertexpools.com,(817) 779-8006,https://watertexpools.com/,Fort Worth,TX,0,unranked,4.7,162
Premier Shades & Screens | Exterior Motorized Patio Screens Dallas Ft. Worth TX,info@premierscreens.com,(214) 845-7676,https://premierscreens.com/,Dallas,TX,0,unranked,5.0,11
Premium Poolsmith,janice@premiumpoolsmith.com,(214) 998-4667,http://premiumpoolsmithdfw.com/,Southlake,TX,0,unranked,4.9,393
Mr. Pool Leak Repair - Southlake,mrpoolleakrepair@gmail.com,(817) 309-7082,https://mrpoolleakrepair.com/southlake-pool-leak-detection-services/?utm_campaign=gmb,Southlake,TX,0,unranked,4.6,34
Pool Master Over Texas LLC,info@mysite.com,(817) 918-4475,http://www.poolmastertx.com/,Colleyville,TX,0,unranked,4.9,61
Meyer's Pool Care,info@meyerspoolcare.com,(817) 442-5787,http://meyerspoolcare.com/,Colleyville,TX,0,unranked,5.0,59
AquaMedic,poolrepair@txaquamedic.com,(817) 788-0744,https://txaquamedic.com/,North Richland Hills,TX,0,unranked,4.8,40
Brennan Enterprises,hello@brennancorp.com,(972) 619-9281,https://brennancorp.com/,Arlington,TX,0,unranked,4.9,648
"Pool and Spa Enclosures, LLC",info@sunrooms-enclosures.com,(609) 655-8898,http://www.sunrooms-enclosures.com/,Arlington,TX,0,unranked,4.9,33
Gold Medal Pools,info@goldmedalpools.com,(877) 496-4608,https://www.goldmedalpools.com/?utm_source=local&utm_medium=organic&utm_campaign=gmb,Plano,TX,0,unranked,4.4,869
Texas Pool Supply,info@heritagepsg.com,(469) 946-0426,https://www.heritagepoolsupplygroup.com/en/distributor-network/TPSFRIS/,Frisco,TX,0,unranked,3.8,17
Tropic Island Pools,service@tropicislandpools.com,(877) 730-7665,http://www.tropicislandpools.com/,Frisco,TX,0,unranked,4.0,20
H30 Pools and Exteriors,info@h30pools.com,(682) 409-9372,https://h30pools.com/,Fort Worth,TX,0,unranked,5.0,10
Hobert Pools & Spas,n@u.jm,(972) 690-8118,https://hobertpools.com/,Dallas,TX,0,unranked,4.2,204
Custom Pools By Brian,brian@custompoolsbybrian.com,(469) 307-3964,https://www.custompoolsbybrian.com/,Dallas,TX,0,unranked,5.0,34
Verde Outdoors,contact@funto.comverde,(940) 600-9926,http://www.verdeoutdoors.com/,Colleyville,TX,0,unranked,4.8,24
Eclipse Custom Homes,info@eclipsecustomhomes.com,(817) 320-4536,http://www.eclipsecustomhomes.com/,Grapevine,TX,0,unranked,5.0,23
Preferred Exteriors,office@preferredext.com,(972) 955-6048,https://www.preferredext.com/,Grapevine,TX,0,unranked,4.9,75
Kingswood Outdoors,info@kingswoodoutdoors.com,(972) 800-2290,https://kingswoodoutdoors.com/,North Richland Hills,TX,0,unranked,5.0,23
DFW Retaining Walls and Pool Demolition LLC.,info@dfwpoolretainingwalls.com,(817) 993-9446,http://dfwpoolretainingwalls.com/,Arlington,TX,0,unranked,4.9,85
Foley Pools,sales@foleypools.com,(972) 423-7178,https://foleypools.com/,Plano,TX,0,unranked,4.5,533
Medallion Pools of Texas,info@medallionpooldesign.com,(469) 667-7426,http://www.medallionpooldesign.com/,Frisco,TX,0,unranked,4.8,166
Tropix Pools & Outdoor Living,hello@tropixpools.com,(972) 276-2222,https://www.tropixpools.com/,Frisco,TX,0,unranked,4.9,279
Tin Star Fencing,sales@tsfencing.com,(817) 882-6019,https://tsfencing.com/,Fort Worth,TX,0,unranked,5.0,57
TX Pool & Construction,aulloa@txpoolconstruction.com,(469) 494-9120,https://txpoolconstruction.com/,Dallas,TX,0,unranked,4.8,18
Creative Pools,gregballardpools@att.net,(214) 373-7665,https://dallascreativepools.com/,Dallas,TX,0,unranked,4.7,12
Katchakid,info@katchakid.com,(972) 221-6605,https://katchakid.com/lewisville-dallas-location/,Dallas,TX,0,unranked,4.7,135
D's Pool Care Inc.,dallasdodson77@gmail.com,(817) 845-3533,http://www.wecleanpools.com/,Arlington,TX,0,unranked,5.0,54
Signature Pools,info@signaturepoolstx.com,(214) 810-2369,http://www.signaturepoolstx.com/,Irving,TX,0,unranked,4.7,35
Pacific Pool Plastering,pacificpoolplastering@yahoo.com,(469) 858-9859,https://pacificpoolplaster.com/,Irving,TX,0,unranked,4.8,162
Texas Express Pool Remodeling LLC,texasxpress_irwin@yahoo.com,(972) 977-7500,http://texasexpresspool.com/,Irving,TX,0,unranked,4.9,38
Romo's Pools & Plastering,romospools@verizon.net,(972) 790-9160,http://www.romospoolsandplastering.com/,Irving,TX,0,unranked,4.5,20
Fun N Sun Pools,info@funnsunpools.com,(972) 790-7311,https://www.funnsunpools.com/,Irving,TX,0,unranked,4.2,9
Canyon Oak Pools,info@canyonoakpools.com,(972) 561-9090,https://www.canyonoakpools.com/,McKinney,TX,0,unranked,5.0,86
"Southernwind Pools, Inc.",info@southernwindpools.com,(972) 783-4090,http://www.southernwindpools.com/,McKinney,TX,0,unranked,4.5,103
Pool Boss,office@ntxpoolboss.com,(214) 766-2824,http://www.ntxpoolboss.com/,McKinney,TX,0,unranked,4.6,56
Patio Escapes,info@patioescapes.com,(214) 578-7802,http://patioescapes.com/,McKinney,TX,0,unranked,5.0,1
EAV Construction,eavconstructionllc@gmail.com,(972) 750-9887,http://eavconstruction.com/,Richardson,TX,0,unranked,5.0,20
Paradise Pools Of Texas,info@fcg-construct.com,(469) 887-1867,https://theparadisepool.com/,Richardson,TX,0,unranked,5.0,4
Innovative PoolTech,javi.juarez@innovativepooltech.com,(469) 279-5553,https://www.innovativepooltech.com/,Garland,TX,0,unranked,5.0,35
Pool Tech,poolrepair@sbcglobal.net,(214) 762-3104,https://www.pooltechpools.com/,Mesquite,TX,0,unranked,4.9,446
Texas Premier Oasis,info@texaspremieroasis.com,(214) 557-7809,http://texaspremieroasis.com/,Mesquite,TX,0,unranked,4.9,28
Dickson Brothers Inc,onlinesales@dicksonbrothers.com,(972) 288-7537,http://www.dicksonbrothers.com/,Mesquite,TX,0,unranked,4.5,372
Aqua Architects,office@aquaarchitectsdfw.com,(469) 571-0195,http://aquaarchitectsdfw.com/,Mesquite,TX,0,unranked,5.0,21
Signature Pool and Patio,service@signaturepoolandpatio.comcall,(214) 501-4835,http://www.signaturepoolandpatio.com/,Rowlett,TX,0,unranked,4.6,17
The Blue Lagoons,tblgpools@gmail.com,(214) 865-7606,https://www.bluelagoonspoolservice.com/,Rowlett,TX,0,unranked,4.8,218
El Dorado Pools + Outdoors,contact@eldoradopools.com,(214) 607-4700,http://www.eldoradopools.com/,Rowlett,TX,0,unranked,3.5,22
Pool Xperts,info@pool-xperts.com,(469) 215-7946,http://www.pool-xperts.com/,Rowlett,TX,0,unranked,4.9,55
Pool Stop Custom Pools,382-5659harvey@poolstoponline.comstore,(972) 645-4586,http://poolstoponline.com/?utm_campaign=gmb,Rockwall,TX,0,unranked,4.2,228
Rockwall Contractors,ecastro@rockwallcontractors.com,(972) 762-9502,https://www.rockwallcontractors.com/,Rockwall,TX,0,unranked,4.9,29
Hobert Pools & Spas,n@u.jm,(972) 772-3358,https://hobertpools.com/,Rockwall,TX,0,unranked,4.5,85
Pool Makeovers llc,poolboygreg@yahoo.com,(972) 310-6672,http://poolmakeovers.org/,Rockwall,TX,0,unranked,4.3,6
Cullen Pools,info@cullenpools.com,(972) 771-8863,http://www.cullenpools.com/,Rockwall,TX,0,unranked,3.2,12
Elite Swimming Pool & Spa Service,elitesss1@gmail.com,(469) 855-4505,http://elitesss.com/?utm_source=Google+Profile&utm_medium=organic,Rockwall,TX,0,unranked,4.8,125
A Veterans Pool Company Wylie,bigsarge@aveteranspoolcompany.com,(469) 981-7665,https://aveteranspoolcompany.com/wylie/,Wylie,TX,0,unranked,4.6,11
Sunbelt Pools inc.,info@sunbeltpools.com,(214) 343-1133,http://www.sunbeltpools.com/,Wylie,TX,0,unranked,4.8,49
Four Seasons Lawn + Landscaping,hello@fourseasons-lawn.com,(214) 504-4250,https://fourseasons-lawn.com/,Murphy,TX,0,unranked,4.7,77
Lone Star Pool & Patio,info@lonestarpoolandpatios.com,(469) 358-2472,https://lonestarpoolandpatios.com/,Sachse,TX,0,unranked,4.1,11
Dreamcatchers Construction,pat@dreamcatchersconstruction.com,(254) 624-9044,http://www.dreamcatchersconstruction.com/,Lucas,TX,0,unranked,4.6,18
Edge Outdoor Designs,info@edgeod.com,(972) 800-7435,http://www.edgeod.com/,Prosper,TX,0,unranked,5.0,49
Celina Outdoor Living Solutions,info@celinaoutdoorsolutions.com,(972) 433-0424,https://www.celinaoutdoorsolutions.com/,Celina,TX,0,unranked,,0
"Gideo Construction, Inc.",info@gideoconstruction.com,(972) 407-0000,https://www.gideoconstruction.com/,Celina,TX,0,unranked,,0
Outdoor Living Pool & Patio,info@outdoorliving-poolandpatio.com,(972) 317-3500,http://www.outdoorliving-poolandpatio.com/,Denton,TX,0,unranked,4.5,312
Vega Pools & Outdoor Living,sales@vegapools.com,(940) 387-5868,http://vegapools.com/,Denton,TX,0,unranked,3.9,26
Zodiac Pools & Outdoor Living,sales@zodiacpoolstx.com,(940) 213-3719,http://www.zodiacpoolstx.com/,Denton,TX,0,unranked,4.4,70
Petri Pools,petripools@gmail.com,(972) 219-8700,http://www.petripools.com/,Lewisville,TX,0,unranked,4.8,178
Fiberglass Pool Guyz,info@bensonsbakery.co.uk,(469) 897-0015,http://fiberglasspoolguyz.com/,Lewisville,TX,0,unranked,4.2,36
Elite Concepts,mike@eliteconceptsinc.com,(214) 222-1225,https://eliteconceptsinc.com/,Lewisville,TX,0,unranked,5.0,2
Inground Pools of Paradise,poolsofparadise@gmail.com,(469) 464-3610,https://poolsdallas.net/,Lewisville,TX,0,unranked,4.2,45
Better Fence Company - Lewisville,info@abetterfencecompany.com,(214) 425-7232,https://abetterfencecompany.com/lewisville-fence-companies/,Lewisville,TX,0,unranked,5.0,1
Kodiak Fence Company,sales@kodiakfencecompany.com,(469) 754-8913,https://kodiakfencecompany.com/,Flower Mound,TX,0,unranked,5.0,87
Shaw Pools,info@shawpools.com,(817) 925-7556,http://www.shawpools.com/,Flower Mound,TX,0,unranked,3.9,11
"Robertson Pools, Inc",info@robertsonpools.com,(972) 393-2152,http://www.robertsonpools.com/,Flower Mound,TX,0,unranked,4.0,142
Pool Care Specialists,info@poolcarespecialists.com,(972) 829-8485,https://poolcarespecialists.com/,Flower Mound,TX,0,unranked,4.7,189
Aquatechnik Pool Service,info@aquatechnikpools.com,(972) 746-5501,https://www.aquatechnikpools.com/,Flower Mound,TX,0,unranked,4.8,16
Hourman LLC,mark@hourmanllc.com,(214) 984-6096,https://hourmanllc.com/,The Colony,TX,0,unranked,5.0,37
Perry Custom Builders,paulgperry@gmail.com,(940) 442-9134,http://www.perrycustombuilders.com/,Corinth,TX,0,unranked,5.0,10
Hardy Poolscapes,info@hardypoolscapes.comdfw,(940) 600-3605,https://www.hardypoolscapes.com/,Highland Village,TX,0,unranked,5.0,3
Premier Contracting,info@premier-contracting.com,(972) 317-6364,http://www.premier-contracting.com/,Highland Village,TX,0,unranked,5.0,18
Legacy Custom Pools,troy@legacycustompools.org,(214) 251-2846,https://www.legacycustompools.org/,Coppell,TX,0,unranked,4.6,10
"Beyond Expectations, LLC",richard@beyondexps.com,(972) 955-6250,http://www.beyondexps.com/,Coppell,TX,0,unranked,4.4,7
Hartsell Pool Renovations,tom@hartsellpools.com,(817) 485-7525,http://www.hartsellpools.com/,Haltom City,TX,0,unranked,3.4,28
G&S Renovations,maria@gnspools.com,(817) 560-2413,http://gnspools.com/,Watauga,TX,0,unranked,4.1,8
Pool Leak Detection and Repair - Manly Maids,contact@manlymaids.com,(469) 628-6483,http://www.manlymaids.com/,Watauga,TX,0,unranked,4.4,61
Pool Logistics,sales@poollogistics.com,(817) 793-4290,https://www.poollogistics.com/?utm_source=google&utm_medium=wix_google_business_profile&utm_campaign=17067059352310888190,Watauga,TX,0,unranked,4.7,48
"SEA BLUE POOL AND SPA SERVICES, LLC",seabluepool@yahoo.com,(817) 897-0751,https://seabluepoolandspaservicesllc.com/,Saginaw,TX,0,unranked,4.9,92
Emerald Pool Care,info@emeraldcustompools.com,(817) 210-6524,https://emeraldcustompools.com/pool-care/,Saginaw,TX,0,unranked,5.0,24
Henryâ€™s Enclosures Inc.,info@henrysenclosures.com,(561) 284-0415,https://www.henrysenclosures.com/,Lake Worth,TX,0,unranked,4.7,62
Sun-Ray Pools of Burleson,info@sun-raypools.com,(817) 295-5322,http://www.sun-raypools.com/,Crowley,TX,0,unranked,4.3,34
Texas Tides Custom Pools,jrnelson406@gmail.com,(817) 305-6469,https://www.texastidespools.com/,Crowley,TX,0,unranked,5.0,43
Dolce Pools,tyler@dolcepools.com,(817) 300-3606,http://www.dolcepools.com/,Mansfield,TX,0,unranked,5.0,39
Bonnie & Clydes Pools and Spas,nrh@bncpools.com,(817) 295-7946,http://www.bncpools.com/,Burleson,TX,0,unranked,4.3,93
Supreme Pools,supremepools1@att.net,(817) 558-0057,http://www.supremepoolstx.com/,Cleburne,TX,0,unranked,4.6,20
Cleburne Fence,quote@cleburnefence.net,(817) 645-3348,http://www.cleburnefence.net/,Cleburne,TX,0,unranked,4.9,49
Stone Bison General Construction,stonebisondees@gmail.com,(817) 946-6776,https://stonebisonconstruction.com/,Cleburne,TX,0,unranked,5.0,21
BRIGHT POOLS LLC,brittany@brightpoolsllc.com,(214) 762-5388,http://www.brightpoolsllc.com/,Midlothian,TX,0,unranked,4.9,39
RiverMist Pools and Spas,bill@rivermistpools.com,(972) 775-1444,http://www.rivermistpools.com/,Midlothian,TX,0,unranked,4.8,95
Crystal Clear Custom Pools,service@cccpools.com,(214) 893-3922,http://www.cccpools.com/,Midlothian,TX,0,unranked,4.8,146
Complete Outdoor Living Pools & Spas,completeoutdoorliving@gmail.com,(972) 693-7549,http://colpools.com/?utm_source=gmb&utm_medium=referral,Midlothian,TX,0,unranked,4.9,28
Blue Diamond Pools,mybluediamondpools@gmail.com,(817) 821-1786,https://sites.google.com/view/bluediamondpools/home?authuser=0,Midlothian,TX,0,unranked,5.0,41
"B & J Custom Homes, Inc.",info@bjcustomhomes.com,(214) 206-8949,http://www.bjcustomhomes.com/,Cedar Hill,TX,0,unranked,5.0,3
Innovative Projects and Design,innovativeprojectsanddesigns@gmail.com,(469) 493-6211,http://www.ipadprojects.com/,DeSoto,TX,0,unranked,4.5,26
Universal Enclosures Systems,sday@ues-tx.com,(972) 298-0531,https://www.universalenclosures.com/,Duncanville,TX,0,unranked,4.0,1
Blue Canyon Poolscape Concepts LLC,whartonheath@yahoo.com,(903) 399-2275,http://www.bluecanyonpools.com/,Red Oak,TX,0,unranked,4.7,19
"Next Century Screens, Inc.",info@nextcenturyscreens.com,(972) 496-4981,http://www.nextcenturyscreens.com/,Dallas,TX,0,unranked,4.8,21
Precision Siding & Construction,info@precisionhomeproducts.com,(888) 342-4831,http://www.precisionhomeproducts.com/,Grand Prairie,TX,0,unranked,4.8,836
Vito's Pool Service LLC,info@vitospoolservice.com,,https://vitospoolservice.com/,McKinney,TX,0,unranked,4.9,102
Advance Pools Inc,service@advancepools.com,(972) 248-4360,https://www.advancepoolsinc.com/?utm_source=google&utm_medium=organic&utm_campaign=gmb,McKinney,TX,0,unranked,4.8,14
A Better Pool Service,service@abetterpoolservice.com,(214) 347-8016,http://www.abetterpoolservice.com/,Allen,TX,0,unranked,4.4,38
RMD Pool Service,cs@rmdpoolservice.com,(972) 656-0703,https://rmdpoolservice.com/,Allen,TX,0,unranked,4.4,14
Santorini Pools,santorinipools@gmail.com,(469) 554-2741,https://www.mysantorinipools.com/,Garland,TX,0,unranked,4.9,27
Michael Solar Screens,michaelsolarscreens@gmail.com,(469) 562-3049,https://www.michaelsolarscreens.com/,Wylie,TX,0,unranked,5.0,31
Murphy Wallpaper Installer,info@murphywallpaperinstaller.com,(469) 933-0332,https://murphywallpaperinstaller.com/?utm_source=GMB&utm_id=GMB,Murphy,TX,0,unranked,5.0,10
Pool Cage Screening,brandonlm281988@gmail.com,(941) 713-6960,https://poolcagescreening.com/,Denton,TX,0,unranked,5.0,1
Able Handyman Services,ryangaker@gmail.com,(817) 504-3736,http://ablerenovationandhandyman.com/,Denton,TX,0,unranked,4.5,8
Ace Screen Repair & More LLC,office@acecfl.com,(239) 919-6779,https://acecfl.com/,Denton,TX,0,unranked,4.7,151
"FNS POOL SERVICE and REPAIRS, LLC",admin@fnspoolservicestx.com,(214) 515-2313,https://fnspoolservicestx.com/,Flower Mound,TX,0,unranked,4.8,39
Ameristar Screen and Glass,contact@ameristarglass.com,(972) 406-3200,http://www.ameristarglass.com/,Carrollton,TX,0,unranked,4.1,27
The Pool Store Coppell,inquiry@poolstorecoppell.com,(469) 200-0483,https://www.poolstorecoppell.com/,Coppell,TX,0,unranked,5.0,10
"Pirate Island Pools, LLC",pirateislandpools@gmail.com,(817) 925-4859,https://pirateislandpools.com/,Colleyville,TX,0,unranked,4.8,106
Kingswood landscape,info@kingswoodlandscape.com,(833) 383-1178,http://kingswoodlandscape.com/,Colleyville,TX,0,unranked,4.9,122
Bonnie & Clydes Pools and Spas,nrh@bncpools.com,(817) 284-3363,http://www.bncpools.com/,Hurst,TX,0,unranked,4.4,170
Awntech Corporation,sales@awntech.com,(800) 200-5997,https://awntech.com/?utm_source=GMB&utm_medium=organic,Euless,TX,0,unranked,4.7,109
Marine Blue Pool Service & Repair,joey@marinebluepoolservice.com,(817) 381-6381,http://www.marinebluepoolservice.com/,Saginaw,TX,0,unranked,4.4,19
Nice & Tight - Pool Enclosure Screen Repair & Refurbishment / Motorized Screens,niceandtightscreen@hotmail.com,(754) 707-2746,http://www.niceandtight.net/,Lake Worth,TX,0,unranked,4.9,321
FlyFix,760-0906help@flyfix.memonday,(817) 760-0906,https://www.flyfix.com/,White Settlement,TX,0,unranked,5.0,55
ACF Tarp & Awning,sales@acfdfw.com,(817) 478-1800,http://www.acfdfw.com/,White Settlement,TX,0,unranked,5.0,98
Yard Art Outdoor Living - Fort Worth,yag@myyardart.com,(817) 946-0362,https://myyardart.com/,White Settlement,TX,0,unranked,4.8,195
Artistry Pool Solutions,mike@artistrypoolsolutions.com,(817) 825-8706,http://www.artistrypoolsolutions.com/,Benbrook,TX,0,unranked,4.7,20
Champion Glass & Mirror,akemp@championglassfortworth.com,(817) 731-7403,https://www.championglassfortworth.com/,Benbrook,TX,0,unranked,4.8,29
Lone Star Auto Sound & Security,lonstrass@aol.com,(682) 841-3646,https://www.autoaccessoriescrowleytx.com/,Crowley,TX,0,unranked,4.4,43
Integra Pest & Lawn- Crowley TX,service@integralawns.com,(817) 310-9106,http://www.integralawns.com/,Crowley,TX,0,unranked,4.8,206
Screening Dunrite - Complete outdoor solutions,screeningdunrite@gmail.com,(727) 645-9575,http://www.screeningdunrite.com/,Mansfield,TX,0,unranked,5.0,209
Tucker Pro Services,info@tuckerpros.com,(214) 680-6059,http://tuckerpros.com/,Mansfield,TX,0,unranked,4.9,145
Showtime Exteriors Commercial Roofing Company,admin@showtimeexteriors.com,(817) 400-7663,http://www.showtimeexteriors.com/,Mansfield,TX,0,unranked,4.5,30
ProTex Remodeling Windows - Doors - Siding,eric@protexremodeling.com,(817) 422-0552,https://www.protexremodeling.com/,Burleson,TX,0,unranked,5.0,142
Celebrity Pools,info@celebritypools.com,(817) 326-1468,http://www.celebritypools.com/,Cleburne,TX,0,unranked,4.6,37
Brighter Pool Services,matt@brighterpoolservices.com,(469) 846-9797,https://www.brighterpoolservices.com/,Midlothian,TX,0,unranked,4.9,134
A & M Pool Service & Repair,info@ampoolservicerepair.com,(214) 399-7347,http://ampoolservicerepair.com/?utm_source=gmb&utm_medium=referral,Waxahachie,TX,0,unranked,4.8,42
Allen Aquatics,jallen@allenaquatics.com,(214) 923-5584,https://www.allenaquatics.com/,Waxahachie,TX,0,unranked,5.0,1
Creekside Mirror & Glass,creeksidemirror@gmail.com,(972) 268-9183,https://www.creeksidemirrorandglass.com/,Waxahachie,TX,0,unranked,5.0,12
"MD Pool Service, Inc.",contact@mdpoolserviceinc.com,(469) 437-7935,https://mdpoolserviceinc.com/,Waxahachie,TX,0,unranked,4.7,69
Fences and More LLC,fencesandmore7@gmail.com,(214) 478-6811,https://www.fencesandmore.net/,DeSoto,TX,0,unranked,5.0,5
West Coast Screening,westcoastscreening941@gmail.com,(941) 999-8486,https://westcoastscreeningllc.com/,Lancaster,TX,0,unranked,4.9,712
Panthera Home Services - Pool Enclosure Screen Repair,info@pantherahomeservices.com,(904) 780-6545,https://www.pantherahomeservices.com/,Lancaster,TX,0,unranked,4.8,86
A&O Texas Solutions Corporate Offices,fencing@aotexassolutions.com,(817) 287-9853,https://www.aotexassolutions.com/,Arlington,TX,0,unranked,5.0,1
Poseidon Pool Supply,support@poseidonpoolsupply.com,(972) 476-7851,http://poseidonpoolsupply.com/,Plano,TX,0,unranked,4.9,64
Artesian Custom Pools,info@artesiancustompools.com,(214) 578-3395,http://www.artesiancustompools.com/,Frisco,TX,0,unranked,3.7,7
Graves Pools & Outdoor Living,info@team-graves.com,(469) 497-8271,https://www.gravespoolsandoutdoorliving.com/,Rockwall,TX,0,unranked,4.8,13
PCR Pools and Spas LLC,pcrpoolsandspas@gmail.com,(972) 884-0220,https://pcrpoolsandspas.com/,Rockwall,TX,0,unranked,4.8,20
Deck Masters Patios (Wylie and Surrounding Area Location),kenny@deckmasterspatios.com,(214) 998-0996,http://www.deckmasterspatios.com/,Wylie,TX,0,unranked,4.8,38
Texas Built Construction,projects@txbuiltconstruction.com,(972) 219-0729,https://www.txbuiltconstruction.com/?utm_source=google&utm_medium=local&utm_campaign=gbp,Murphy,TX,0,unranked,4.6,105
Homes by J. Anthony,tprutch@homesbyjanthony.com,(972) 400-1291,https://www.homesbyjanthony.com/,Lucas,TX,0,unranked,4.8,78
American Aluminum Display Center,americanaluminumtx@gmail.com,(409) 833-2400,http://www.carportsandpatios.com/,Lucas,TX,0,unranked,3.8,10
Mr Screen Renovations Services LLC,sales@mrscreenllc.com,(239) 383-4419,http://www.mrscreenllc.com/,Prosper,TX,0,unranked,5.0,14
Light Farms,press@lightfarmstx.com,(214) 618-4542,http://www.lightfarmstx.com/,Celina,TX,0,unranked,4.7,179
Mustang Lakes,info@mustanglakes.com,(972) 993-6737,http://mustanglakes.com/,Celina,TX,0,unranked,4.5,164
Weisz Selection Outdoor Living Specialists,info@weiszselection.com,(972) 838-4205,https://weiszselection.com/,Celina,TX,0,unranked,4.6,48
Replace My Cage,contact@mysite.com,(941) 203-4133,https://replacemycage.com/,Denton,TX,0,unranked,5.0,121
"Landscape Investments, LLC",greg@fenceinvestments.com,(940) 321-2047,http://www.fenceinvestments.com/,Denton,TX,0,unranked,4.9,93
Plungie USA,jobs@plungie.com,(855) 758-6443,https://plungie.com/en-us/,Lewisville,TX,0,unranked,4.5,41
Palm Construction Dallas,customerservice@palmconstructiontx.com,(214) 984-9228,https://www.palmconstructiontx.com/,Coppell,TX,0,unranked,4.5,26
Texas Pool Supply,info@heritagepsg.com,(817) 755-1844,https://www.heritagepoolsupplygroup.com/en/distributor-network/TPSFTWO/,North Richland Hills,TX,0,unranked,4.3,6
SPC Construction & Roofing,info@spcgc.com,(817) 684-1088,https://www.spcroofs.com/,Bedford,TX,0,unranked,4.8,126
"J Reynolds & Co., Inc.",info@jreynolds.com,(817) 306-9596,http://www.jreynolds.com/,Saginaw,TX,0,unranked,4.2,20
B Smart Builders,items.contact817-367-9063info@bsmartbuilders.comaddress,(817) 367-9063,http://www.bsmartbuilders.com/,Benbrook,TX,0,unranked,5.0,4
Hard Hat Construction & Remodeling,info@hhctx.co,(817) 381-9995,http://www.hhctx.co/,Crowley,TX,0,unranked,4.8,51
Steve Hawkins Custom Homes,laura@stevehawkinshomes.com,(817) 737-4446,http://stevehawkinshomes.com/,Crowley,TX,0,unranked,4.0,32
Steve Hawkins Builders,laura@stevehawkinshomes.com,(817) 297-0919,https://stevehawkinshomes.com/,Crowley,TX,0,unranked,5.0,1
Mansfield Custom Homes,accounts@mchtexas.com,(682) 518-1158,https://www.mchtexas.com/,Mansfield,TX,0,unranked,4.8,17
Re and Re - Powered by Regis Construction,reandreservices@gmail.com,(239) 961-3926,http://www.reandreservices.com/,Burleson,TX,0,unranked,5.0,8
Lemaster Custom Pools,justin@lemastercustompools.com,(817) 389-2688,http://www.lemastercustompools.com/,Burleson,TX,0,unranked,4.6,21
Hershy Decks,beau@hershydecks.com,(817) 933-8064,http://hershyandsons.com/,Cleburne,TX,0,unranked,5.0,67
Game Time Construction & Remodeling,game.timeconstruction@gmail.com,(682) 330-3610,https://www.gametimeconstructionandremodeling.com/,Waxahachie,TX,0,unranked,4.1,24
Cedar Creek Pools,info@cedarcreekpools.com,(844) 903-7665,https://www.cedarcreekpools.com/,Cedar Hill,TX,0,unranked,3.8,17
Gordon's Remodeling LLC,gordonremodelingdfw@gmail.com,(972) 217-3325,http://www.gordonsremodeling.com/,DeSoto,TX,0,unranked,3.2,13
Adams Aluminum Pool & Patio Enclosures,info@z0j.e64.myftpupload.com,(985) 626-8813,http://www.adamsaluminum.com/,Lancaster,TX,0,unranked,4.6,44
